ref_start,ref_end,query_start,query_end,ref_length,query_length,ref,query,tag,alignment_length
60764329,60956667,12825607,13012989,64444167,13012991,chr20,utg000003l,unique,48131060
3555106,3621830,12991,77960,64444167,5563662,chr20,utg000004l,unique,48131060
3630960,3660824,86803,115746,64444167,5563662,chr20,utg000004l,unique,48131060
3700144,3714990,153357,167705,64444167,5563662,chr20,utg000004l,unique,48131060
3751477,3766381,202431,216705,64444167,5563662,chr20,utg000004l,unique,48131060
3818294,3831646,266222,279004,64444167,5563662,chr20,utg000004l,unique,48131060
3898288,3982103,342021,423143,64444167,5563662,chr20,utg000004l,unique,48131060
4040534,4102199,479758,539667,64444167,5563662,chr20,utg000004l,unique,48131060
4131618,4152529,569716,589915,64444167,5563662,chr20,utg000004l,unique,48131060
4183393,4197785,619336,633227,64444167,5563662,chr20,utg000004l,unique,48131060
4213162,4224712,647994,659115,64444167,5563662,chr20,utg000004l,unique,48131060
4229229,4246343,663540,680089,64444167,5563662,chr20,utg000004l,unique,48131060
4250050,4265616,681590,696647,64444167,5563662,chr20,utg000004l,unique,48131060
4268855,4309742,699752,739544,64444167,5563662,chr20,utg000004l,unique,48131060
4316662,4388743,746142,816452,64444167,5563662,chr20,utg000004l,unique,48131060
4391750,4412656,819356,839786,64444167,5563662,chr20,utg000004l,unique,48131060
4413352,4437421,840465,863769,64444167,5563662,chr20,utg000004l,unique,48131060
4446669,4482149,877290,911913,64444167,5563662,chr20,utg000004l,unique,48131060
4482617,4707205,912375,1131464,64444167,5563662,chr20,utg000004l,unique,48131060
4716857,4788648,1140787,1210549,64444167,5563662,chr20,utg000004l,unique,48131060
4819970,4844880,1240955,1265133,64444167,5563662,chr20,utg000004l,unique,48131060
4876886,4897473,1296186,1316189,64444167,5563662,chr20,utg000004l,unique,48131060
4905649,4938559,1324104,1356106,64444167,5563662,chr20,utg000004l,unique,48131060
4939647,4973417,1357173,1389895,64444167,5563662,chr20,utg000004l,unique,48131060
4975691,4996229,1392097,1411895,64444167,5563662,chr20,utg000004l,unique,48131060
5040484,5077619,1454375,1490269,64444167,5563662,chr20,utg000004l,unique,48131060
5077754,5087940,1490269,1500037,64444167,5563662,chr20,utg000004l,unique,48131060
5089481,5268744,1501459,1675669,64444167,5563662,chr20,utg000004l,unique,48131060
5274609,5379727,1681358,1784144,64444167,5563662,chr20,utg000004l,unique,48131060
5381676,5453038,1785962,1855599,64444167,5563662,chr20,utg000004l,unique,48131060
5471898,5581819,1873313,1980244,64444167,5563662,chr20,utg000004l,unique,48131060
5582215,5613672,1980562,2011123,64444167,5563662,chr20,utg000004l,unique,48131060
5621080,5637146,2018230,2033631,64444167,5563662,chr20,utg000004l,unique,48131060
5652742,5699602,2048646,2094022,64444167,5563662,chr20,utg000004l,unique,48131060
5725586,5744704,2118913,2137372,64444167,5563662,chr20,utg000004l,unique,48131060
5744776,5792676,2139901,2185865,64444167,5563662,chr20,utg000004l,unique,48131060
5796558,5881209,2189589,2271758,64444167,5563662,chr20,utg000004l,unique,48131060
5881580,5962354,2271931,2350604,64444167,5563662,chr20,utg000004l,unique,48131060
5979293,6040773,2366709,2426463,64444167,5563662,chr20,utg000004l,unique,48131060
6042089,6170312,2427571,2552318,64444167,5563662,chr20,utg000004l,unique,48131060
6170634,6270715,2552308,2649978,64444167,5563662,chr20,utg000004l,unique,48131060
6270730,6699487,2650137,3069523,64444167,5563662,chr20,utg000004l,unique,48131060
6699652,6841382,3069570,3207875,64444167,5563662,chr20,utg000004l,unique,48131060
6841382,6882026,3208164,3247840,64444167,5563662,chr20,utg000004l,unique,48131060
6882350,6942785,3248157,3306990,64444167,5563662,chr20,utg000004l,unique,48131060
6943903,7263664,3308088,3621066,64444167,5563662,chr20,utg000004l,unique,48131060
7268431,7293702,3625753,3650409,64444167,5563662,chr20,utg000004l,unique,48131060
7294003,7435686,3650397,3789070,64444167,5563662,chr20,utg000004l,unique,48131060
7435328,7474810,3788973,3827655,64444167,5563662,chr20,utg000004l,unique,48131060
7478255,7595115,3831025,3945310,64444167,5563662,chr20,utg000004l,unique,48131060
7605410,7719013,3955329,4066301,64444167,5563662,chr20,utg000004l,unique,48131060
7719013,8372786,4066594,4706326,64444167,5563662,chr20,utg000004l,unique,48131060
8373053,8433449,4706593,4765634,64444167,5563662,chr20,utg000004l,unique,48131060
8433810,8462773,4765812,4794157,64444167,5563662,chr20,utg000004l,unique,48131060
8462933,8662631,4794462,4989364,64444167,5563662,chr20,utg000004l,unique,48131060
8661948,8689970,4989430,5016887,64444167,5563662,chr20,utg000004l,unique,48131060
8689970,8857345,5017156,5180871,64444167,5563662,chr20,utg000004l,unique,48131060
8871906,8999915,5195105,5320113,64444167,5563662,chr20,utg000004l,unique,48131060
9005679,9189530,5325680,5505309,64444167,5563662,chr20,utg000004l,unique,48131060
9189530,9248619,5505579,5563255,64444167,5563662,chr20,utg000004l,unique,48131060
60600886,60762927,12665933,12824057,64444167,13012991,chr20,utg000003l,unique,48096994
60445526,60600290,12514109,12665311,64444167,13012991,chr20,utg000003l,unique,48086181
54250809,54559522,6499058,6800345,64444167,13012991,chr20,utg000003l,unique,48060464
60316041,60439084,12387777,12507856,64444167,13012991,chr20,utg000003l,unique,48051307
54876492,55145311,7109496,7372256,64444167,13012991,chr20,utg000003l,unique,48035815
60087935,60190636,12164485,12264786,64444167,13012991,chr20,utg000003l,unique,48026151
59858844,59953972,11941829,12034609,64444167,13012991,chr20,utg000003l,unique,48012143
52719218,53027442,5020648,5321936,64444167,13012991,chr20,utg000003l,unique,48006794
57230847,57392176,9396630,9553552,64444167,13012991,chr20,utg000003l,unique,47995546
55625431,55831687,7838874,8040463,64444167,13012991,chr20,utg000003l,unique,47992813
58863861,58968187,10979035,11079831,64444167,13012991,chr20,utg000003l,unique,47989152
60198564,60261138,12272537,12333479,64444167,13012991,chr20,utg000003l,unique,47988601
59659475,59738171,11749920,11826502,64444167,13012991,chr20,utg000003l,unique,47988251
59018067,59113520,11127489,11220472,64444167,13012991,chr20,utg000003l,unique,47986031
59752445,59821989,11840262,11907883,64444167,13012991,chr20,utg000003l,unique,47981727
60268403,60314840,12340531,12385737,64444167,13012991,chr20,utg000003l,unique,47974309
59954255,60005944,12034807,12084892,64444167,13012991,chr20,utg000003l,unique,47971137
59268957,59335470,11371484,11436144,64444167,13012991,chr20,utg000003l,unique,47963986
60055828,60087841,12133153,12164485,64444167,13012991,chr20,utg000003l,unique,47954688
52456988,52716573,4764478,5018070,64444167,13012991,chr20,utg000003l,unique,47952095
60021374,60048756,12099736,12126249,64444167,13012991,chr20,utg000003l,unique,47949020
58312497,58391949,10443389,10520491,64444167,13012991,chr20,utg000003l,unique,47948560
58019181,58105211,10157099,10240855,64444167,13012991,chr20,utg000003l,unique,47948112
58113304,58196577,10248687,10329439,64444167,13012991,chr20,utg000003l,unique,47947890
56436633,56578365,8630532,8767223,64444167,13012991,chr20,utg000003l,unique,47947833
59465042,59508210,11561070,11603047,64444167,13012991,chr20,utg000003l,unique,47947140
59215851,59263366,11319929,11366027,64444167,13012991,chr20,utg000003l,unique,47943437
59614954,59649183,11706581,11739877,64444167,13012991,chr20,utg000003l,unique,47942602
59516219,59552968,11610783,11646659,64444167,13012991,chr20,utg000003l,unique,47942185
59831435,59854336,11916965,11939324,64444167,13012991,chr20,utg000003l,unique,47937371
56952338,57062103,9127126,9233639,64444167,13012991,chr20,utg000003l,unique,47934977
59398378,59429588,11496733,11526850,64444167,13012991,chr20,utg000003l,unique,47932855
52209789,52456289,4523749,4763847,64444167,13012991,chr20,utg000003l,unique,47932540
56079376,56209916,8281462,8408956,64444167,13012991,chr20,utg000003l,unique,47928454
59180265,59213826,11285451,11317949,64444167,13012991,chr20,utg000003l,unique,47928375
59356299,59384480,11456233,11483589,64444167,13012991,chr20,utg000003l,unique,47928247
59148720,59180107,11254816,11285296,64444167,13012991,chr20,utg000003l,unique,47925291
58725732,58770174,10845058,10888101,64444167,13012991,chr20,utg000003l,unique,47925116
58230846,58288212,10364189,10419885,64444167,13012991,chr20,utg000003l,unique,47924023
58416462,58463290,10545323,10590821,64444167,13012991,chr20,utg000003l,unique,47917967
57762908,57826373,9908422,9970051,64444167,13012991,chr20,utg000003l,unique,47917951
55945748,56070124,8152325,8273595,64444167,13012991,chr20,utg000003l,unique,47917799
58643974,58683896,10766105,10804868,64444167,13012991,chr20,utg000003l,unique,47917791
59337508,59355904,11438118,11455901,64444167,13012991,chr20,utg000003l,unique,47917786
53204412,53409833,5495598,5695662,64444167,13012991,chr20,utg000003l,unique,47914235
55279442,55416785,7503562,7637965,64444167,13012991,chr20,utg000003l,unique,47913223
59132959,59148294,11239518,11254440,64444167,13012991,chr20,utg000003l,unique,47908776
53854660,54029997,6124406,6295078,64444167,13012991,chr20,utg000003l,unique,47905591
58841020,58861549,10957078,10976843,64444167,13012991,chr20,utg000003l,unique,47904471
58590278,58615809,10714312,10739141,64444167,13012991,chr20,utg000003l,unique,47901497
58545018,58570945,10670689,10695703,64444167,13012991,chr20,utg000003l,unique,47900256
57928954,57965965,10069271,10105338,64444167,13012991,chr20,utg000003l,unique,47896694
54679753,54812034,6917121,7046442,64444167,13012991,chr20,utg000003l,unique,47894913
58830130,58840141,10946542,10956257,64444167,13012991,chr20,utg000003l,unique,47893599
58467468,58488158,10594809,10614810,64444167,13012991,chr20,utg000003l,unique,47893349
58522887,58542334,10649260,10668219,64444167,13012991,chr20,utg000003l,unique,47893074
57979514,58011466,10118545,10149620,64444167,13012991,chr20,utg000003l,unique,47892921
58291118,58311993,10422724,10442941,64444167,13012991,chr20,utg000003l,unique,47889269
58397011,58413767,10525401,10541657,64444167,13012991,chr20,utg000003l,unique,47888366
57846965,57874694,9989943,10016932,64444167,13012991,chr20,utg000003l,unique,47884751
56712371,56777387,8896012,8959095,64444167,13012991,chr20,utg000003l,unique,47881375
57906544,57927135,10047568,10067502,64444167,13012991,chr20,utg000003l,unique,47879567
57596974,57628824,9749429,9780083,64444167,13012991,chr20,utg000003l,unique,47879395
57466859,57503892,9624843,9660745,64444167,13012991,chr20,utg000003l,unique,47879049
55145312,55251363,7372536,7476248,64444167,13012991,chr20,utg000003l,unique,47878827
57121080,57166384,9290409,9334540,64444167,13012991,chr20,utg000003l,unique,47875975
57716101,57737899,9863137,9884281,64444167,13012991,chr20,utg000003l,unique,47874762
57629297,57654879,9780481,9805318,64444167,13012991,chr20,utg000003l,unique,47874398
54561263,54676126,6802026,6913895,64444167,13012991,chr20,utg000003l,unique,47874100
55865544,55945748,8073623,8152205,64444167,13012991,chr20,utg000003l,unique,47872125
57564149,57584856,9717725,9737738,64444167,13012991,chr20,utg000003l,unique,47867131
56902845,56943811,9079258,9118997,64444167,13012991,chr20,utg000003l,unique,47864553
57505554,57524834,9661208,9679950,64444167,13012991,chr20,utg000003l,unique,47863626
51161141,51374490,3511411,3718753,64444167,13012991,chr20,utg000003l,unique,47863079
57673893,57685290,9822504,9833537,64444167,13012991,chr20,utg000003l,unique,47862786
57661290,57672387,9811336,9821994,64444167,13012991,chr20,utg000003l,unique,47861051
57419646,57440572,9579877,9599963,64444167,13012991,chr20,utg000003l,unique,47860695
56348996,56405682,8545368,8600463,64444167,13012991,chr20,utg000003l,unique,47860314
56223573,56281848,8422189,8478951,64444167,13012991,chr20,utg000003l,unique,47859659
56288083,56340094,8486116,8536756,64444167,13012991,chr20,utg000003l,unique,47853978
56828269,56859992,9008062,9038926,64444167,13012991,chr20,utg000003l,unique,47851930
57097796,57117561,9267933,9287122,64444167,13012991,chr20,utg000003l,unique,47849628
57198103,57211304,9365160,9377967,64444167,13012991,chr20,utg000003l,unique,47846144
55533147,55586339,7748020,7800089,64444167,13012991,chr20,utg000003l,unique,47838319
56882721,56895728,9059701,9072307,64444167,13012991,chr20,utg000003l,unique,47836027
53076315,53204412,5369577,5494646,64444167,13012991,chr20,utg000003l,unique,47834835
56601759,56622446,8789624,8809512,64444167,13012991,chr20,utg000003l,unique,47832822
56411876,56435671,8606445,8629622,64444167,13012991,chr20,utg000003l,unique,47829226
55454661,55497640,7671717,7713740,64444167,13012991,chr20,utg000003l,unique,47825923
55586339,55625429,7800234,7838591,64444167,13012991,chr20,utg000003l,unique,47825195
56797853,56803708,8978839,8984491,64444167,13012991,chr20,utg000003l,unique,47824869
56585921,56598200,8774313,8786154,64444167,13012991,chr20,utg000003l,unique,47823887
55497969,55532982,7713740,7748020,64444167,13012991,chr20,utg000003l,unique,47819242
55831687,55859699,8040601,8067907,64444167,13012991,chr20,utg000003l,unique,47819098
54818628,54869948,7052876,7103108,64444167,13012991,chr20,utg000003l,unique,47817072
54041464,54108758,6295599,6361331,64444167,13012991,chr20,utg000003l,unique,47813159
54108810,54168240,6361501,6419389,64444167,13012991,chr20,utg000003l,unique,47806739
55253220,55275905,7478023,7500101,64444167,13012991,chr20,utg000003l,unique,47797882
54168710,54213418,6419845,6463485,64444167,13012991,chr20,utg000003l,unique,47793573
50429314,50581548,2804069,2951782,64444167,13012991,chr20,utg000003l,unique,47777479
54223126,54249741,6472843,6498826,64444167,13012991,chr20,utg000003l,unique,47776898
53763933,53807498,6036464,6078679,64444167,13012991,chr20,utg000003l,unique,47771034
51021391,51133453,3375451,3484637,64444167,13012991,chr20,utg000003l,unique,47758002
53559643,53596984,5840368,5876382,64444167,13012991,chr20,utg000003l,unique,47756616
53816750,53836095,6087460,6106208,64444167,13012991,chr20,utg000003l,unique,47748635
51877801,51953099,4204882,4277600,64444167,13012991,chr20,utg000003l,unique,47748217
52144598,52204579,4460769,4518736,64444167,13012991,chr20,utg000003l,unique,47743810
53698057,53716674,5973006,5990909,64444167,13012991,chr20,utg000003l,unique,47743668
53472903,53500446,5756884,5783528,64444167,13012991,chr20,utg000003l,unique,47743562
53737998,53754081,6011401,6027009,64444167,13012991,chr20,utg000003l,unique,47742680
53675586,53694042,5951710,5969407,64444167,13012991,chr20,utg000003l,unique,47742332
53841599,53853724,6111961,6123630,64444167,13012991,chr20,utg000003l,unique,47741763
53415673,53442536,5701485,5727594,64444167,13012991,chr20,utg000003l,unique,47741051
53508612,53530360,5791375,5812314,64444167,13012991,chr20,utg000003l,unique,47738985
53040665,53072915,5334687,5366236,64444167,13012991,chr20,utg000003l,unique,47738228
53448542,53469703,5733398,5753944,64444167,13012991,chr20,utg000003l,unique,47736305
52044034,52099744,4365357,4419300,64444167,13012991,chr20,utg000003l,unique,47734387
49334622,49481178,1749231,1891442,64444167,13012991,chr20,utg000003l,unique,47731947
50922206,51009627,3279424,3364073,64444167,13012991,chr20,utg000003l,unique,47730203
51595349,51651370,3932538,3986793,64444167,13012991,chr20,utg000003l,unique,47718832
52106458,52142747,4425726,4460686,64444167,13012991,chr20,utg000003l,unique,47717021
51528587,51582996,3867940,3920682,64444167,13012991,chr20,utg000003l,unique,47715056
51979969,52018117,4303412,4340338,64444167,13012991,chr20,utg000003l,unique,47714705
51824237,51866856,4153556,4194531,64444167,13012991,chr20,utg000003l,unique,47713300
51378620,51434013,3722722,3776293,64444167,13012991,chr20,utg000003l,unique,47711291
48964223,49101074,1391789,1524194,64444167,13012991,chr20,utg000003l,unique,47709285
51776801,51814619,4108043,4144448,64444167,13012991,chr20,utg000003l,unique,47706576
51690134,51730674,4024143,4063280,64444167,13012991,chr20,utg000003l,unique,47706531
51457657,51489398,3799188,3829893,64444167,13012991,chr20,utg000003l,unique,47690210
51967337,51979267,4291282,4302763,64444167,13012991,chr20,utg000003l,unique,47687985
51661813,51682925,3996867,4017314,64444167,13012991,chr20,utg000003l,unique,47686058
49617593,49709363,2023457,2112409,64444167,13012991,chr20,utg000003l,unique,47685906
51500624,51524873,3840914,3864389,64444167,13012991,chr20,utg000003l,unique,47683959
50717201,50763778,3082101,3127124,64444167,13012991,chr20,utg000003l,unique,47681677
51435982,51456584,3778208,3798153,64444167,13012991,chr20,utg000003l,unique,47678376
50794071,50833188,3156228,3194034,64444167,13012991,chr20,utg000003l,unique,47676960
49486065,49572376,1896048,1979836,64444167,13012991,chr20,utg000003l,unique,47676328
51138461,51159618,3489447,3509936,64444167,13012991,chr20,utg000003l,unique,47670171
49243386,49325721,1660686,1740507,64444167,13012991,chr20,utg000003l,unique,47665035
50890163,50908960,3248406,3266584,64444167,13012991,chr20,utg000003l,unique,47660554
50685724,50710857,3052049,3076102,64444167,13012991,chr20,utg000003l,unique,47658808
50771100,50792089,3134203,3154359,64444167,13012991,chr20,utg000003l,unique,47657886
50648713,50666225,3015977,3032771,64444167,13012991,chr20,utg000003l,unique,47650248
50282961,50312201,2662665,2690894,64444167,13012991,chr20,utg000003l,unique,47649536
50315755,50342366,2694338,2719985,64444167,13012991,chr20,utg000003l,unique,47648028
50671442,50685724,3037947,3051783,64444167,13012991,chr20,utg000003l,unique,47647777
50235372,50258521,2616782,2639089,64444167,13012991,chr20,utg000003l,unique,47641739
50399523,50416519,2775240,2791666,64444167,13012991,chr20,utg000003l,unique,47641279
49933088,49963597,2327479,2356785,64444167,13012991,chr20,utg000003l,unique,47636118
49710205,49748940,2113217,2150595,64444167,13012991,chr20,utg000003l,unique,47635723
50088417,50111364,2476062,2498296,64444167,13012991,chr20,utg000003l,unique,47635302
48804254,48871561,1237989,1302935,64444167,13012991,chr20,utg000003l,unique,47633572
49772107,49804352,2172791,2203902,64444167,13012991,chr20,utg000003l,unique,47631561
50159712,50174128,2544658,2558532,64444167,13012991,chr20,utg000003l,unique,47629470
47751522,47833239,204472,283630,64444167,13012991,chr20,utg000003l,unique,47628767
49966340,49986964,2359709,2379371,64444167,13012991,chr20,utg000003l,unique,47627255
49995316,50011769,2387229,2402965,64444167,13012991,chr20,utg000003l,unique,47624540
49840537,49861135,2238684,2258619,64444167,13012991,chr20,utg000003l,unique,47622451
49908573,49921415,2304043,2316489,64444167,13012991,chr20,utg000003l,unique,47617372
48268917,48334573,719417,783357,64444167,13012991,chr20,utg000003l,unique,47615156
48554587,48610912,996736,1051490,64444167,13012991,chr20,utg000003l,unique,47614176
49111425,49146114,1534193,1567561,64444167,13012991,chr20,utg000003l,unique,47611921
48391171,48447772,838467,893438,64444167,13012991,chr20,utg000003l,unique,47609305
49599691,49615071,2006233,2021100,64444167,13012991,chr20,utg000003l,unique,47608838
48334625,48391171,783408,838312,64444167,13012991,chr20,utg000003l,unique,47607763
47908187,47970706,368742,429568,64444167,13012991,chr20,utg000003l,unique,47601964
49205302,49226011,1624219,1644053,64444167,13012991,chr20,utg000003l,unique,47601792
48872175,48903744,1302935,1333242,64444167,13012991,chr20,utg000003l,unique,47600809
49155951,49173264,1577065,1593811,64444167,13012991,chr20,utg000003l,unique,47596199
48768598,48799498,1203428,1233361,64444167,13012991,chr20,utg000003l,unique,47596070
48463706,48504957,909380,949452,64444167,13012991,chr20,utg000003l,unique,47595577
49590995,49592887,1997824,1999674,64444167,13012991,chr20,utg000003l,unique,47595063
47594805,47647427,52559,103578,64444167,13012991,chr20,utg000003l,unique,47594868
49174980,49189206,1595427,1609119,64444167,13012991,chr20,utg000003l,unique,47593779
48162954,48209595,616703,662054,64444167,13012991,chr20,utg000003l,unique,47592892
48905551,48926282,1334926,1355070,64444167,13012991,chr20,utg000003l,unique,47591356
48936395,48954197,1364691,1381873,64444167,13012991,chr20,utg000003l,unique,47589506
48080545,48124826,536270,579263,64444167,13012991,chr20,utg000003l,unique,47588556
48515930,48547585,959190,989942,64444167,13012991,chr20,utg000003l,unique,47588395
48722665,48746975,1159055,1182545,64444167,13012991,chr20,utg000003l,unique,47587920
48685292,48704201,1123086,1141312,64444167,13012991,chr20,utg000003l,unique,47581115
47554551,47594567,13582,52400,64444167,13012991,chr20,utg000003l,unique,47580985
48038164,48075477,494941,531303,64444167,13012991,chr20,utg000003l,unique,47580536
47693102,47728669,148168,182477,64444167,13012991,chr20,utg000003l,unique,47580501
48235388,48266679,686930,717278,64444167,13012991,chr20,utg000003l,unique,47579749
48959394,48964095,1387169,1391695,64444167,13012991,chr20,utg000003l,unique,47576926
48630578,48641885,1070366,1081343,64444167,13012991,chr20,utg000003l,unique,47571519
48135235,48155762,589679,609722,64444167,13012991,chr20,utg000003l,unique,47566083
47670709,47690021,126591,145182,64444167,13012991,chr20,utg000003l,unique,47563430
47873742,47894449,331081,351158,64444167,13012991,chr20,utg000003l,unique,47563368
47648395,47666355,104494,121774,64444167,13012991,chr20,utg000003l,unique,47561861
48011220,48026980,468780,484171,64444167,13012991,chr20,utg000003l,unique,47558200
47998890,48011220,456650,468658,64444167,13012991,chr20,utg000003l,unique,47554570
47541876,47554551,0,12175,64444167,13012991,chr20,utg000003l,unique,47554551
39203977,40558570,2428023,3751971,64444167,6148103,chr20,utg000002l,unique,38130547
41999466,42252646,5150086,5397512,64444167,6148103,chr20,utg000002l,unique,37102560
42256857,42421521,5401585,5562379,64444167,6148103,chr20,utg000002l,unique,37019936
42740128,42883973,5873316,6013815,64444167,6148103,chr20,utg000002l,unique,37010657
37598703,37867973,863670,1126102,64444167,6148103,chr20,utg000002l,unique,37004303
40997796,41159716,4179285,4336976,64444167,6148103,chr20,utg000002l,unique,36980431
42508944,42623851,5647743,5759920,64444167,6148103,chr20,utg000002l,unique,36976108
41203817,41350469,4379008,4521416,64444167,6148103,chr20,utg000002l,unique,36971461
41759627,41886898,4919144,5043529,64444167,6148103,chr20,utg000002l,unique,36967754
41419587,41555177,4587677,4720037,64444167,6148103,chr20,utg000002l,unique,36967500
42422232,42509491,5563074,5648355,64444167,6148103,chr20,utg000002l,unique,36946417
42958368,43021018,6086895,6148102,64444167,6148103,chr20,utg000002l,unique,36934123
41556562,41655344,4721242,4817394,64444167,6148103,chr20,utg000002l,unique,36934102
41657945,41743814,4819942,4903749,64444167,6148103,chr20,utg000002l,unique,36923872
41923538,41998520,5075954,5149239,64444167,6148103,chr20,utg000002l,unique,36922566
42883700,42934887,6013856,6063887,64444167,6148103,chr20,utg000002l,unique,36921031
38942159,39089066,2172867,2315417,64444167,6148103,chr20,utg000002l,unique,36916199
42686497,42737003,5821061,5870305,64444167,6148103,chr20,utg000002l,unique,36915942
40558661,40667296,3752105,3858206,64444167,6148103,chr20,utg000002l,unique,36915191
42633855,42681959,5769644,5816675,64444167,6148103,chr20,utg000002l,unique,36912315
40813030,40910527,3999803,4094691,64444167,6148103,chr20,utg000002l,unique,36910724
40668132,40753785,3858652,3942084,64444167,6148103,chr20,utg000002l,unique,36895133
42935174,42958359,6064129,6086753,64444167,6148103,chr20,utg000002l,unique,36894230
38463286,38589137,1708368,1830766,64444167,6148103,chr20,utg000002l,unique,36880769
41887318,41917618,5043901,5073460,64444167,6148103,chr20,utg000002l,unique,36873717
38666023,38774825,1905424,2010985,64444167,6148103,chr20,utg000002l,unique,36869401
40757095,40808946,3945280,3995883,64444167,6148103,chr20,utg000002l,unique,36863666
40910996,40951927,4095093,4134840,64444167,6148103,chr20,utg000002l,unique,36856834
41387730,41404579,4556894,4573157,64444167,6148103,chr20,utg000002l,unique,36847685
41176376,41196602,4352771,4372420,64444167,6148103,chr20,utg000002l,unique,36843831
38232919,38320622,1480400,1565297,64444167,6148103,chr20,utg000002l,unique,36840222
40972024,40992550,4154254,4174230,64444167,6148103,chr20,utg000002l,unique,36838296
38855989,38927136,2089446,2158355,64444167,6148103,chr20,utg000002l,unique,36837690
41196602,41201336,4372510,4377052,64444167,6148103,chr20,utg000002l,unique,36828826
38039673,38112250,1291508,1362056,64444167,6148103,chr20,utg000002l,unique,36820742
39144026,39187979,2369690,2412653,64444167,6148103,chr20,utg000002l,unique,36818289
39093227,39132053,2320334,2357996,64444167,6148103,chr20,utg000002l,unique,36811719
38811127,38852745,2045952,2086404,64444167,6148103,chr20,utg000002l,unique,36806793
37930623,37976649,1186071,1230663,64444167,6148103,chr20,utg000002l,unique,36790578
38775057,38796679,2011212,2032140,64444167,6148103,chr20,utg000002l,unique,36785467
38379258,38407595,1622998,1650605,64444167,6148103,chr20,utg000002l,unique,36784597
37244337,37306463,523709,583909,64444167,6148103,chr20,utg000002l,unique,36782754
38603189,38626934,1844319,1867343,64444167,6148103,chr20,utg000002l,unique,36782615
38163820,38194631,1412386,1442268,64444167,6148103,chr20,utg000002l,unique,36782245
38194564,38220016,1443211,1467934,64444167,6148103,chr20,utg000002l,unique,36776805
38359928,38379011,1604410,1622798,64444167,6148103,chr20,utg000002l,unique,36774601
38003486,38029554,1256581,1281867,64444167,6148103,chr20,utg000002l,unique,36772973
38446258,38461445,1690155,1704745,64444167,6148103,chr20,utg000002l,unique,36771290
38142452,38162989,1391761,1411585,64444167,6148103,chr20,utg000002l,unique,36771228
38322904,38336839,1567629,1581043,64444167,6148103,chr20,utg000002l,unique,36769210
36863771,36927226,158136,219241,64444167,6148103,chr20,utg000002l,unique,36769090
37498706,37535716,767010,802778,64444167,6148103,chr20,utg000002l,unique,36768706
37889561,37914497,1146651,1170462,64444167,6148103,chr20,utg000002l,unique,36767846
37978833,37999948,1232723,1253157,64444167,6148103,chr20,utg000002l,unique,36767225
37069675,37122175,355421,405928,64444167,6148103,chr20,utg000002l,unique,36766754
37187532,37232108,468540,511843,64444167,6148103,chr20,utg000002l,unique,36763568
37440189,37472598,710641,741940,64444167,6148103,chr20,utg000002l,unique,36761957
37572254,37597213,838079,862281,64444167,6148103,chr20,utg000002l,unique,36759134
38116145,38122430,1365872,1371928,64444167,6148103,chr20,utg000002l,unique,36756558
37549125,37568485,815772,834493,64444167,6148103,chr20,utg000002l,unique,36752713
37420834,37438332,692274,708987,64444167,6148103,chr20,utg000002l,unique,36746058
37336949,37357606,613190,632925,64444167,6148103,chr20,utg000002l,unique,36744416
37312285,37333166,589582,609569,64444167,6148103,chr20,utg000002l,unique,36743584
37163213,37187220,445185,468540,64444167,6148103,chr20,utg000002l,unique,36742035
37015783,37043018,303561,329855,64444167,6148103,chr20,utg000002l,unique,36739457
37379963,37391041,654133,664561,64444167,6148103,chr20,utg000002l,unique,36736908
37126424,37142193,409909,425085,64444167,6148103,chr20,utg000002l,unique,36732284
36953794,36974454,244599,264481,64444167,6148103,chr20,utg000002l,unique,36729855
37142428,37150576,425284,433158,64444167,6148103,chr20,utg000002l,unique,36725292
36800903,36821532,97764,117667,64444167,6148103,chr20,utg000002l,unique,36723768
37000986,37012652,289610,300693,64444167,6148103,chr20,utg000002l,unique,36723042
36840279,36854076,135660,148945,64444167,6148103,chr20,utg000002l,unique,36718416
36727860,36743882,27738,43161,64444167,6148103,chr20,utg000002l,unique,36716144
36698856,36714409,0,14949,64444167,6148103,chr20,utg000002l,unique,36714409
36769953,36780909,68042,78630,64444167,6148103,chr20,utg000002l,unique,36712867
30516252,30637255,58598,176578,64444167,278144,chr20,utg000007l,unique,30578657
30641145,30731794,180405,268974,64444167,278144,chr20,utg000007l,unique,30551389
44133853,44243884,2783,109443,64444167,2207099,chr20,utg000008l,unique,30551389
44253513,44297122,118760,161258,64444167,2207099,chr20,utg000008l,unique,30551389
44299123,44330940,163188,193911,64444167,2207099,chr20,utg000008l,unique,30551389
44349837,44387042,212008,247879,64444167,2207099,chr20,utg000008l,unique,30551389
44392723,44404837,253337,265132,64444167,2207099,chr20,utg000008l,unique,30551389
44404838,44438549,265808,298396,64444167,2207099,chr20,utg000008l,unique,30551389
44438556,44464083,298535,323323,64444167,2207099,chr20,utg000008l,unique,30551389
44480254,44558460,338989,414810,64444167,2207099,chr20,utg000008l,unique,30551389
44558481,44601128,414827,456274,64444167,2207099,chr20,utg000008l,unique,30551389
44636815,44657399,490381,510238,64444167,2207099,chr20,utg000008l,unique,30551389
44692189,44715977,545489,568461,64444167,2207099,chr20,utg000008l,unique,30551389
44725183,44750075,577274,601386,64444167,2207099,chr20,utg000008l,unique,30551389
44750366,44764255,601647,615014,64444167,2207099,chr20,utg000008l,unique,30551389
44766396,44923166,617243,769733,64444167,2207099,chr20,utg000008l,unique,30551389
44927517,44956989,773898,802431,64444167,2207099,chr20,utg000008l,unique,30551389
44967287,45062727,812365,905274,64444167,2207099,chr20,utg000008l,unique,30551389
45063005,45214701,905543,1053789,64444167,2207099,chr20,utg000008l,unique,30551389
45215319,45287113,1054350,1124473,64444167,2207099,chr20,utg000008l,unique,30551389
45288613,45304277,1125932,1141077,64444167,2207099,chr20,utg000008l,unique,30551389
45322342,45367670,1158134,1201966,64444167,2207099,chr20,utg000008l,unique,30551389
45370532,45424564,1204745,1257255,64444167,2207099,chr20,utg000008l,unique,30551389
45433559,45600698,1265945,1428517,64444167,2207099,chr20,utg000008l,unique,30551389
45600698,45645818,1428646,1472790,64444167,2207099,chr20,utg000008l,unique,30551389
45645960,45739222,1473091,1564203,64444167,2207099,chr20,utg000008l,unique,30551389
45739222,45744126,1564692,1569478,64444167,2207099,chr20,utg000008l,unique,30551389
45744910,45787098,1570161,1610762,64444167,2207099,chr20,utg000008l,unique,30551389
45854237,45882537,1675127,1702491,64444167,2207099,chr20,utg000008l,unique,30551389
45890397,45906755,1710072,1725867,64444167,2207099,chr20,utg000008l,unique,30551389
45906966,45918502,1725953,1737057,64444167,2207099,chr20,utg000008l,unique,30551389
45927814,45948467,1746114,1765862,64444167,2207099,chr20,utg000008l,unique,30551389
45967336,45989577,1784005,1805496,64444167,2207099,chr20,utg000008l,unique,30551389
46027605,46048205,1841758,1861442,64444167,2207099,chr20,utg000008l,unique,30551389
46051061,46118645,1864214,1929941,64444167,2207099,chr20,utg000008l,unique,30551389
46118886,46139691,1930174,1950140,64444167,2207099,chr20,utg000008l,unique,30551389
46153593,46197687,1963466,2006215,64444167,2207099,chr20,utg000008l,unique,30551389
46204880,46225485,2013107,2032965,64444167,2207099,chr20,utg000008l,unique,30551389
46229891,46326075,2037096,2129766,64444167,2207099,chr20,utg000008l,unique,30551389
46358555,46398609,2160814,2199616,64444167,2207099,chr20,utg000008l,unique,30551389
43026883,43068195,5062,45216,64444167,1057349,chr20,utg000009l,unique,30551389
43070455,43095892,47999,72600,64444167,1057349,chr20,utg000009l,unique,30551389
43113687,43138649,90367,114654,64444167,1057349,chr20,utg000009l,unique,30551389
43140478,43162626,116407,138026,64444167,1057349,chr20,utg000009l,unique,30551389
43162811,43181018,138026,155738,64444167,1057349,chr20,utg000009l,unique,30551389
43185219,43260999,159847,233437,64444167,1057349,chr20,utg000009l,unique,30551389
43269442,43323466,241671,294153,64444167,1057349,chr20,utg000009l,unique,30551389
43323468,43395133,294665,364129,64444167,1057349,chr20,utg000009l,unique,30551389
43422036,43474454,388995,439576,64444167,1057349,chr20,utg000009l,unique,30551389
43490465,43512688,455026,476439,64444167,1057349,chr20,utg000009l,unique,30551389
43516127,43554233,479739,516631,64444167,1057349,chr20,utg000009l,unique,30551389
43573347,43607205,534865,567542,64444167,1057349,chr20,utg000009l,unique,30551389
43614121,43655171,574201,613464,64444167,1057349,chr20,utg000009l,unique,30551389
43712222,43739805,668376,694927,64444167,1057349,chr20,utg000009l,unique,30551389
43740278,43742183,695247,697048,64444167,1057349,chr20,utg000009l,unique,30551389
43760639,43790987,714790,744045,64444167,1057349,chr20,utg000009l,unique,30551389
43794681,43814368,747616,766788,64444167,1057349,chr20,utg000009l,unique,30551389
43820926,43850469,772535,801202,64444167,1057349,chr20,utg000009l,unique,30551389
43855057,43910129,803854,857456,64444167,1057349,chr20,utg000009l,unique,30551389
43916340,43952503,863396,898359,64444167,1057349,chr20,utg000009l,unique,30551389
43955975,44000910,901710,945509,64444167,1057349,chr20,utg000009l,unique,30551389
44031602,44047484,976891,992330,64444167,1057349,chr20,utg000009l,unique,30551389
44047885,44100350,992330,1043242,64444167,1057349,chr20,utg000009l,unique,30551389
29856013,29879452,26643,49338,64444167,49619,chr20,utg000048l,unique,29852809
30922856,30934291,1,11090,64444167,21245,chr20,utg000049l,unique,29852809
36436841,36455269,5498,23142,64444167,68245,chr20,utg000060l,unique,29852809
46405429,46444645,19,38230,64444167,1074135,chr20,utg000061l,unique,29852809
46448542,46555351,41922,146334,64444167,1074135,chr20,utg000061l,unique,29852809
46557224,46656642,148107,244941,64444167,1074135,chr20,utg000061l,unique,29852809
46656642,46789480,245067,374399,64444167,1074135,chr20,utg000061l,unique,29852809
46789480,46825361,376251,411092,64444167,1074135,chr20,utg000061l,unique,29852809
46834852,46897092,420309,480958,64444167,1074135,chr20,utg000061l,unique,29852809
46910971,47039840,494437,620008,64444167,1074135,chr20,utg000061l,unique,29852809
47041503,47166398,621602,742917,64444167,1074135,chr20,utg000061l,unique,29852809
47185314,47204990,760983,779927,64444167,1074135,chr20,utg000061l,unique,29852809
47242045,47292331,815354,863991,64444167,1074135,chr20,utg000061l,unique,29852809
47293862,47314519,865447,885323,64444167,1074135,chr20,utg000061l,unique,29852809
47333753,47353524,903899,922962,64444167,1074135,chr20,utg000061l,unique,29852809
47363235,47383824,932308,952002,64444167,1074135,chr20,utg000061l,unique,29852809
47384919,47425249,953069,991865,64444167,1074135,chr20,utg000061l,unique,29852809
47428723,47486031,995108,1050459,64444167,1074135,chr20,utg000061l,unique,29852809
47490186,47505010,1054439,1068755,64444167,1074135,chr20,utg000061l,unique,29852809
55416881,55461706,4610,48182,64444167,55589,chr20,utg000062l,unique,29852809
60967424,60991547,4496,28107,64444167,362734,chr20,utg000063l,unique,29852809
60991551,61013210,28229,49392,64444167,362734,chr20,utg000063l,unique,29852809
61029114,61057018,64669,91925,64444167,362734,chr20,utg000063l,unique,29852809
61066687,61101536,101354,135269,64444167,362734,chr20,utg000063l,unique,29852809
61122792,61176946,155874,208485,64444167,362734,chr20,utg000063l,unique,29852809
61176947,61228114,208584,258269,64444167,362734,chr20,utg000063l,unique,29852809
61229668,61256876,259735,286094,64444167,362734,chr20,utg000063l,unique,29852809
61257187,61272993,286395,301665,64444167,362734,chr20,utg000063l,unique,29852809
62063475,62092543,99346,127275,64444167,1403641,chr20,utg000064l,unique,29852809
62105713,62119596,139930,153275,64444167,1403641,chr20,utg000064l,unique,29852809
62236761,62258989,263808,285063,64444167,1403641,chr20,utg000064l,unique,29852809
62425397,62445973,446101,465822,64444167,1403641,chr20,utg000064l,unique,29852809
62593263,62608844,605946,620977,64444167,1403641,chr20,utg000064l,unique,29852809
62709992,62755924,716079,760290,64444167,1403641,chr20,utg000064l,unique,29852809
62793519,62810171,796576,812483,64444167,1403641,chr20,utg000064l,unique,29852809
62851108,62871723,851087,870922,64444167,1403641,chr20,utg000064l,unique,29852809
62888538,62909228,887344,907285,64444167,1403641,chr20,utg000064l,unique,29852809
62911527,62944357,909479,941324,64444167,1403641,chr20,utg000064l,unique,29852809
62993315,63013563,987857,1007204,64444167,1403641,chr20,utg000064l,unique,29852809
63030634,63049330,1024628,1042493,64444167,1403641,chr20,utg000064l,unique,29852809
63068440,63088509,1061726,1081077,64444167,1403641,chr20,utg000064l,unique,29852809
63094246,63100774,1085769,1092016,64444167,1403641,chr20,utg000064l,unique,29852809
63103458,63119757,1094505,1110152,64444167,1403641,chr20,utg000064l,unique,29852809
63246963,63266911,1233066,1252277,64444167,1403641,chr20,utg000064l,unique,29852809
63335261,63343610,1317324,1325374,64444167,1403641,chr20,utg000064l,unique,29852809
63500868,63519552,11372,29193,64444167,313961,chr20,utg000065l,unique,29852809
63752401,63764920,250810,262818,64444167,313961,chr20,utg000065l,unique,29852809
63817860,63832863,1,14368,64444167,388883,chr20,utg000066l,unique,29852809
63862574,63870525,42261,49807,64444167,388883,chr20,utg000066l,unique,29852809
63970706,63990771,144504,163732,64444167,388883,chr20,utg000066l,unique,29852809
64287706,64303869,61299,76871,64444167,76871,chr20,utg000067l,unique,29852809
29817413,29833337,0,15506,64444167,18871,chr20,utg000035l,unique,29833337
29756016,29780129,86585,110030,64444167,166140,chr20,utg000011l,unique,29693544
29720902,29742497,53135,74079,64444167,166140,chr20,utg000011l,unique,29689362
29705941,29720902,36949,51625,64444167,166140,chr20,utg000011l,unique,29683953
29744415,29753422,75716,84455,64444167,166140,chr20,utg000011l,unique,29677706
29594436,29615222,79016,58613,64444167,95252,chr20,utg000043l,unique,29536206
26325855,26364240,41639,79141,64444167,130305,chr20,utg000044l,unique,29536206
29524024,29538733,3741,18122,64444167,25771,chr20,utg000010l,unique,29534992
29228030,29247213,17255,35984,64444167,93036,chr20,utg000012l,unique,29229958
29271829,29283662,62391,73836,64444167,93036,chr20,utg000012l,unique,29221271
28940042,28957475,47174,64129,64444167,203035,chr20,utg000036l,unique,28910301
28916210,28927785,23721,34971,64444167,203035,chr20,utg000036l,unique,28904064
29019581,29058828,157594,196058,64444167,203035,chr20,utg000036l,unique,28901234
26113683,26273207,21036,176935,64444167,265103,chr20,utg000006l,unique,26252171
26095319,26111424,4496,20000,64444167,265103,chr20,utg000006l,unique,26106928
25960581,26060051,2745,99475,64444167,102619,chr20,utg000040l,unique,26057306
30263938,30290555,8635,34427,64444167,107835,chr20,utg000041l,unique,26057306
30291973,30320458,35683,63195,64444167,107835,chr20,utg000041l,unique,26057306
30329457,30359889,72038,101895,64444167,107835,chr20,utg000041l,unique,26057306
25932575,25953389,46214,66752,64444167,95252,chr20,utg000043l,unique,25907175
25910906,25932373,25231,46017,64444167,95252,chr20,utg000043l,unique,25907142
23819229,23847102,0,27170,64444167,34469,chr20,utg000022l,unique,23847102
835225,846887,16621,27837,64444167,744462,chr20,utg000024l,unique,23847102
851302,871863,32107,52119,64444167,744462,chr20,utg000024l,unique,23847102
883180,903799,63035,83031,64444167,744462,chr20,utg000024l,unique,23847102
914876,953191,93650,130888,64444167,744462,chr20,utg000024l,unique,23847102
974709,1087835,151594,261873,64444167,744462,chr20,utg000024l,unique,23847102
1088587,1099656,262539,273285,64444167,744462,chr20,utg000024l,unique,23847102
1114934,1149884,288130,322139,64444167,744462,chr20,utg000024l,unique,23847102
1182307,1260455,353895,430044,64444167,744462,chr20,utg000024l,unique,23847102
1263232,1308663,433436,477229,64444167,744462,chr20,utg000024l,unique,23847102
1322634,1343289,490643,510691,64444167,744462,chr20,utg000024l,unique,23847102
1350439,1405719,517674,571441,64444167,744462,chr20,utg000024l,unique,23847102
1410171,1578821,574162,738661,64444167,744462,chr20,utg000024l,unique,23847102
199956,207581,1,7469,64444167,599115,chr20,utg000025l,unique,23847102
208390,266080,8071,64235,64444167,599115,chr20,utg000025l,unique,23847102
306630,362463,103847,157590,64444167,599115,chr20,utg000025l,unique,23847102
393164,417405,187007,210465,64444167,599115,chr20,utg000025l,unique,23847102
453586,465466,245092,256599,64444167,599115,chr20,utg000025l,unique,23847102
466045,485071,257081,275485,64444167,599115,chr20,utg000025l,unique,23847102
491561,512390,281746,302020,64444167,599115,chr20,utg000025l,unique,23847102
517108,565782,306624,353830,64444167,599115,chr20,utg000025l,unique,23847102
571064,600067,358904,386943,64444167,599115,chr20,utg000025l,unique,23847102
608178,630564,394793,416516,64444167,599115,chr20,utg000025l,unique,23847102
648668,724494,434397,507712,64444167,599115,chr20,utg000025l,unique,23847102
727547,755077,510582,537221,64444167,599115,chr20,utg000025l,unique,23847102
774849,818866,556400,599114,64444167,599115,chr20,utg000025l,unique,23847102
23765580,23794275,8551,36470,64444167,50114,chr20,utg000033l,unique,23785724
23794281,23808200,36580,50113,64444167,50114,chr20,utg000033l,unique,23771620
22187027,22471744,3798586,4076974,64444167,5342995,chr20,utg000001l,unique,18673158
23303980,23499963,4888392,5079448,64444167,5342995,chr20,utg000001l,unique,18611571
18776604,19078346,469461,763897,64444167,5342995,chr20,utg000001l,unique,18608885
21869552,22082602,3488288,3696492,64444167,5342995,chr20,utg000001l,unique,18594314
19317337,19588230,996805,1261669,64444167,5342995,chr20,utg000001l,unique,18591425
21546389,21709362,3172755,3331629,64444167,5342995,chr20,utg000001l,unique,18536607
20083868,20276521,1743733,1931750,64444167,5342995,chr20,utg000001l,unique,18532788
20830393,21004893,2474968,2644874,64444167,5342995,chr20,utg000001l,unique,18529925
21721216,21869262,3343652,3488192,64444167,5342995,chr20,utg000001l,unique,18525610
23158353,23268057,4746537,4853478,64444167,5342995,chr20,utg000001l,unique,18521520
21355742,21496984,2987419,3125321,64444167,5342995,chr20,utg000001l,unique,18509565
23704323,23765581,5277849,5337702,64444167,5342995,chr20,utg000001l,unique,18487732
21133135,21256893,2770914,2891376,64444167,5342995,chr20,utg000001l,unique,18485979
22951157,23028813,4545287,4621120,64444167,5342995,chr20,utg000001l,unique,18483526
22803010,22882801,4400359,4478354,64444167,5342995,chr20,utg000001l,unique,18482442
20458868,20594276,2112518,2244700,64444167,5342995,chr20,utg000001l,unique,18481758
22882801,22950805,4478491,4544946,64444167,5342995,chr20,utg000001l,unique,18472314
23058422,23119963,4649768,4709495,64444167,5342995,chr20,utg000001l,unique,18470195
23650169,23693333,5225357,5267164,64444167,5342995,chr20,utg000001l,unique,18467976
22694703,22762362,4294917,4360937,64444167,5342995,chr20,utg000001l,unique,18467445
23585730,23624710,5162794,5200797,64444167,5342995,chr20,utg000001l,unique,18461916
21007046,21100326,2646960,2737991,64444167,5342995,chr20,utg000001l,unique,18453366
22638205,22692882,4240293,4293629,64444167,5342995,chr20,utg000001l,unique,18452589
22526506,22580579,4132069,4184400,64444167,5342995,chr20,utg000001l,unique,18448510
22589651,22637997,4192906,4240134,64444167,5342995,chr20,utg000001l,unique,18445091
19189706,19317258,872265,996728,64444167,5342995,chr20,utg000001l,unique,18444993
23628910,23649554,5204886,5224768,64444167,5342995,chr20,utg000001l,unique,18444668
23268057,23296108,4853589,4880905,64444167,5342995,chr20,utg000001l,unique,18442519
23512594,23531824,5091642,5110328,64444167,5342995,chr20,utg000001l,unique,18440182
23542945,23561054,5120987,5138747,64444167,5342995,chr20,utg000001l,unique,18440067
20597386,20687157,2247724,2335191,64444167,5342995,chr20,utg000001l,unique,18439433
22762476,22799297,4360956,4396753,64444167,5342995,chr20,utg000001l,unique,18438341
23129179,23155583,4718118,4743740,64444167,5342995,chr20,utg000001l,unique,18437465
20736722,20819211,2383214,2463465,64444167,5342995,chr20,utg000001l,unique,18435997
23567079,23579680,5144453,5156743,64444167,5342995,chr20,utg000001l,unique,18435227
23029049,23056046,4621347,4647456,64444167,5342995,chr20,utg000001l,unique,18434699
19822931,19922016,1490135,1586351,64444167,5342995,chr20,utg000001l,unique,18431881
22138003,22178904,3750623,3790703,64444167,5342995,chr20,utg000001l,unique,18428281
22471993,22505502,4079206,4111845,64444167,5342995,chr20,utg000001l,unique,18426296
22085366,22125066,3699191,3737949,64444167,5342995,chr20,utg000001l,unique,18425875
21303435,21351792,2936534,2983609,64444167,5342995,chr20,utg000001l,unique,18415258
21257205,21299161,2891661,2932414,64444167,5342995,chr20,utg000001l,unique,18407500
19678602,19754742,1349576,1423866,64444167,5342995,chr20,utg000001l,unique,18405166
21514583,21546106,3142085,3172490,64444167,5342995,chr20,utg000001l,unique,18404021
20006838,20071191,1668698,1731338,64444167,5342995,chr20,utg000001l,unique,18402493
19758210,19822478,1427153,1489697,64444167,5342995,chr20,utg000001l,unique,18395325
18334043,18427602,39226,130413,64444167,5342995,chr20,utg000001l,unique,18388376
19944131,19995486,1607814,1657782,64444167,5342995,chr20,utg000001l,unique,18387672
18530043,18615620,229928,312718,64444167,5342995,chr20,utg000001l,unique,18385692
18428166,18513316,130946,213740,64444167,5342995,chr20,utg000001l,unique,18382370
19125151,19189432,809336,872136,64444167,5342995,chr20,utg000001l,unique,18380096
19598309,19648940,1271314,1320592,64444167,5342995,chr20,utg000001l,unique,18377626
20391613,20421320,2046800,2075749,64444167,5342995,chr20,utg000001l,unique,18374520
20705961,20726717,2353390,2373506,64444167,5342995,chr20,utg000001l,unique,18373327
20431991,20458868,2086154,2112348,64444167,5342995,chr20,utg000001l,unique,18372714
20296529,20320543,1951548,1974971,64444167,5342995,chr20,utg000001l,unique,18368995
20363025,20383754,2019121,2039158,64444167,5342995,chr20,utg000001l,unique,18364633
20278017,20296529,1933213,1951298,64444167,5342995,chr20,utg000001l,unique,18363316
20320316,20337677,1975573,1992594,64444167,5342995,chr20,utg000001l,unique,18362104
20337692,20355013,1993766,2010527,64444167,5342995,chr20,utg000001l,unique,18361247
19084470,19124715,769796,808913,64444167,5342995,chr20,utg000001l,unique,18354919
18624923,18675877,321672,371276,64444167,5342995,chr20,utg000001l,unique,18354205
19924752,19941640,1588994,1605400,64444167,5342995,chr20,utg000001l,unique,18352646
18708220,18749465,403153,443260,64444167,5342995,chr20,utg000001l,unique,18346312
19663404,19678418,1334920,1349427,64444167,5342995,chr20,utg000001l,unique,18343498
18761233,18776728,454758,469801,64444167,5342995,chr20,utg000001l,unique,18321970
18675877,18688682,371584,384097,64444167,5342995,chr20,utg000001l,unique,18317098
18293270,18315927,0,21992,64444167,5342995,chr20,utg000001l,unique,18315927
18689893,18695583,385439,390942,64444167,5342995,chr20,utg000001l,unique,18310144
18316257,18332339,22263,37804,64444167,5342995,chr20,utg000001l,unique,18310076
18209117,18260027,352326,401744,64444167,437518,chr20,utg000026l,unique,17907701
17933322,17993040,86729,144499,64444167,437518,chr20,utg000026l,unique,17906311
18261114,18294594,402885,435517,64444167,437518,chr20,utg000026l,unique,17891709
61337299,61349905,19537,31672,64444167,585670,chr20,utg000027l,unique,17891709
61365226,61376102,46805,57150,64444167,585670,chr20,utg000027l,unique,17891709
61400467,61421409,81417,101650,64444167,585670,chr20,utg000027l,unique,17891709
61444254,61468958,124046,148090,64444167,585670,chr20,utg000027l,unique,17891709
61475456,61539601,154590,216734,64444167,585670,chr20,utg000027l,unique,17891709
61585743,61620206,260968,294388,64444167,585670,chr20,utg000027l,unique,17891709
61620155,61652135,294417,325458,64444167,585670,chr20,utg000027l,unique,17891709
61653840,61675508,326855,347739,64444167,585670,chr20,utg000027l,unique,17891709
61723860,61737348,394425,407340,64444167,585670,chr20,utg000027l,unique,17891709
61744338,61755296,414008,424620,64444167,585670,chr20,utg000027l,unique,17891709
61777844,61784768,446268,453001,64444167,585670,chr20,utg000027l,unique,17891709
61823246,61834093,491305,501760,64444167,585670,chr20,utg000027l,unique,17891709
1612502,1638949,2153,27768,64444167,27768,chr20,utg000028l,unique,17891709
1595750,1621077,6188,30733,64444167,31214,chr20,utg000029l,unique,17891709
1572927,1590115,1974,18588,64444167,34462,chr20,utg000031l,unique,17891709
17882881,17927051,37820,80747,64444167,437518,chr20,utg000026l,unique,17889231
18081525,18112240,228872,258531,64444167,437518,chr20,utg000026l,unique,17883368
18169884,18194656,314211,338156,64444167,437518,chr20,utg000026l,unique,17880445
18121923,18142736,267744,287933,64444167,437518,chr20,utg000026l,unique,17874992
18058213,18071735,206513,219568,64444167,437518,chr20,utg000026l,unique,17865222
18015834,18029092,166185,178858,64444167,437518,chr20,utg000026l,unique,17862907
18036009,18047435,185433,196432,64444167,437518,chr20,utg000026l,unique,17862002
11618779,12542476,1575889,2478790,64444167,4174709,chr20,utg000005l,unique,10966587
12594444,12940028,2529492,2867122,64444167,4174709,chr20,utg000005l,unique,10410536
13292740,13584036,3212198,3496461,64444167,4174709,chr20,utg000005l,unique,10371838
11009493,11300897,980479,1265833,64444167,4174709,chr20,utg000005l,unique,10320418
10005696,10317640,3,304920,64444167,4174709,chr20,utg000005l,unique,10317637
14084087,14274299,3989056,4174708,64444167,4174709,chr20,utg000005l,unique,10285243
13102691,13262591,3026983,3182888,64444167,4174709,chr20,utg000005l,unique,10235608
10395149,10603395,380697,583080,64444167,4174709,chr20,utg000005l,unique,10222698
11369271,11534836,1332774,1494406,64444167,4174709,chr20,utg000005l,unique,10202062
12948611,13064288,2875516,2988652,64444167,4174709,chr20,utg000005l,unique,10188772
13848202,13934486,3753548,3837456,64444167,4174709,chr20,utg000005l,unique,10180938
13760638,13839343,3668125,3744857,64444167,4174709,chr20,utg000005l,unique,10171218
10833045,10977946,806808,948657,64444167,4174709,chr20,utg000005l,unique,10171138
14006886,14082176,3913914,3987256,64444167,4174709,chr20,utg000005l,unique,10168262
13587527,13654560,3499857,3564965,64444167,4174709,chr20,utg000005l,unique,10154703
10669584,10799512,647232,774086,64444167,4174709,chr20,utg000005l,unique,10152280
13951347,14006712,3859801,3913745,64444167,4174709,chr20,utg000005l,unique,10146911
13681418,13716809,3590894,3625247,64444167,4174709,chr20,utg000005l,unique,10125915
13723499,13746732,3631985,3654652,64444167,4174709,chr20,utg000005l,unique,10114747
13934323,13951618,3838276,3855172,64444167,4174709,chr20,utg000005l,unique,10113342
11543151,11615464,1502152,1572693,64444167,4174709,chr20,utg000005l,unique,10113312
13067087,13100662,2992361,3025073,64444167,4174709,chr20,utg000005l,unique,10108301
11300936,11369122,1265978,1332606,64444167,4174709,chr20,utg000005l,unique,10103144
13268281,13289029,3188457,3208613,64444167,4174709,chr20,utg000005l,unique,10100572
12558810,12594120,2494770,2529326,64444167,4174709,chr20,utg000005l,unique,10099350
10323922,10394840,311187,380446,64444167,4174709,chr20,utg000005l,unique,10083653
12544330,12558625,2480594,2494492,64444167,4174709,chr20,utg000005l,unique,10078031
10977948,11009493,949099,980091,64444167,4174709,chr20,utg000005l,unique,10060394
10804417,10832599,778873,806372,64444167,4174709,chr20,utg000005l,unique,10053726
10618058,10642900,597331,621470,64444167,4174709,chr20,utg000005l,unique,10045569
2534283,2659109,863432,984697,64444167,1850264,chr20,utg000013l,unique,1795677
3260827,3338770,1559306,1634427,64444167,1850264,chr20,utg000013l,unique,1779464
1648912,1777357,0,125552,64444167,1850264,chr20,utg000013l,unique,1777357
2443471,2531643,775253,860878,64444167,1850264,chr20,utg000013l,unique,1756390
2241272,2328658,579049,663927,64444167,1850264,chr20,utg000013l,unique,1749609
3485903,3524797,1776722,1814621,64444167,1850264,chr20,utg000013l,unique,1748075
3441126,3479468,1733428,1770529,64444167,1850264,chr20,utg000013l,unique,1746040
2736596,2799517,1059465,1120198,64444167,1850264,chr20,utg000013l,unique,1740052
2969792,3018812,1280953,1328615,64444167,1850264,chr20,utg000013l,unique,1737859
2145824,2221477,485918,559206,64444167,1850264,chr20,utg000013l,unique,1735559
3526144,3550547,1815946,1839603,64444167,1850264,chr20,utg000013l,unique,1734601
14423775,14548129,6540,128177,64444167,3323449,chr20,utg000014l,unique,1734601
14548760,14720375,128650,296656,64444167,3323449,chr20,utg000014l,unique,1734601
14731018,14862716,307028,435651,64444167,3323449,chr20,utg000014l,unique,1734601
14862720,15151365,435986,717652,64444167,3323449,chr20,utg000014l,unique,1734601
15163533,15426206,729555,986373,64444167,3323449,chr20,utg000014l,unique,1734601
15432846,15454597,992849,1014038,64444167,3323449,chr20,utg000014l,unique,1734601
15454832,15730892,1014145,1283791,64444167,3323449,chr20,utg000014l,unique,1734601
15731859,16030221,1283913,1575313,64444167,3323449,chr20,utg000014l,unique,1734601
16050006,16216529,1594567,1757229,64444167,3323449,chr20,utg000014l,unique,1734601
16228477,16240123,1768441,1779779,64444167,3323449,chr20,utg000014l,unique,1734601
16243986,16258248,1783547,1797263,64444167,3323449,chr20,utg000014l,unique,1734601
16258422,16288937,1798218,1827911,64444167,3323449,chr20,utg000014l,unique,1734601
16289508,16482286,1828552,2016735,64444167,3323449,chr20,utg000014l,unique,1734601
16486190,16557285,2020551,2089838,64444167,3323449,chr20,utg000014l,unique,1734601
16582611,16604799,2114357,2135945,64444167,3323449,chr20,utg000014l,unique,1734601
16612031,16633132,2142953,2163486,64444167,3323449,chr20,utg000014l,unique,1734601
16637064,16668614,2167313,2198130,64444167,3323449,chr20,utg000014l,unique,1734601
16673103,16894398,2202412,2418658,64444167,3323449,chr20,utg000014l,unique,1734601
16894398,16974550,2418966,2497137,64444167,3323449,chr20,utg000014l,unique,1734601
16974775,17122806,2497324,2641888,64444167,3323449,chr20,utg000014l,unique,1734601
17127960,17294097,2646541,2809163,64444167,3323449,chr20,utg000014l,unique,1734601
17299200,17319777,2814111,2834073,64444167,3323449,chr20,utg000014l,unique,1734601
17332086,17348050,2846118,2861707,64444167,3323449,chr20,utg000014l,unique,1734601
17348142,17438418,2861707,2949911,64444167,3323449,chr20,utg000014l,unique,1734601
17449492,17491470,2960710,3001542,64444167,3323449,chr20,utg000014l,unique,1734601
17506362,17621144,3015884,3127295,64444167,3323449,chr20,utg000014l,unique,1734601
17658973,17699884,3163581,3203242,64444167,3323449,chr20,utg000014l,unique,1734601
17713616,17761652,3216570,3263219,64444167,3323449,chr20,utg000014l,unique,1734601
17806965,17814043,3306419,3313248,64444167,3323449,chr20,utg000014l,unique,1734601
23842659,23921515,1319,78051,64444167,1873449,chr20,utg000015l,unique,1734601
23924611,23942647,81002,98583,64444167,1873449,chr20,utg000015l,unique,1734601
23942647,23988277,98742,143155,64444167,1873449,chr20,utg000015l,unique,1734601
23996992,24084844,152875,238618,64444167,1873449,chr20,utg000015l,unique,1734601
24094075,24205608,247551,356401,64444167,1873449,chr20,utg000015l,unique,1734601
24220078,24408185,370188,554191,64444167,1873449,chr20,utg000015l,unique,1734601
24408971,24431664,554194,576373,64444167,1873449,chr20,utg000015l,unique,1734601
24431664,24450326,576720,594879,64444167,1873449,chr20,utg000015l,unique,1734601
24453291,24499162,597755,642305,64444167,1873449,chr20,utg000015l,unique,1734601
24502386,24530041,645427,672445,64444167,1873449,chr20,utg000015l,unique,1734601
24530041,24585633,673269,727459,64444167,1873449,chr20,utg000015l,unique,1734601
24602843,24626195,744118,766731,64444167,1873449,chr20,utg000015l,unique,1734601
24632401,24661582,772627,801035,64444167,1873449,chr20,utg000015l,unique,1734601
24669190,24682198,808552,821214,64444167,1873449,chr20,utg000015l,unique,1734601
24687434,24737130,826204,874561,64444167,1873449,chr20,utg000015l,unique,1734601
24737272,24762940,874561,899524,64444167,1873449,chr20,utg000015l,unique,1734601
24778553,24791551,914686,927277,64444167,1873449,chr20,utg000015l,unique,1734601
24793827,24836247,929475,970824,64444167,1873449,chr20,utg000015l,unique,1734601
24836275,24889828,971586,1023814,64444167,1873449,chr20,utg000015l,unique,1734601
24892291,24913445,1026213,1046802,64444167,1873449,chr20,utg000015l,unique,1734601
24923780,24946538,1055978,1078150,64444167,1873449,chr20,utg000015l,unique,1734601
24959448,25055929,1090412,1184064,64444167,1873449,chr20,utg000015l,unique,1734601
25068156,25169625,1195646,1294366,64444167,1873449,chr20,utg000015l,unique,1734601
25173812,25213033,1298446,1336596,64444167,1873449,chr20,utg000015l,unique,1734601
25220193,25240781,1343897,1363713,64444167,1873449,chr20,utg000015l,unique,1734601
25252857,25273365,1375436,1395317,64444167,1873449,chr20,utg000015l,unique,1734601
25321832,25383065,1441416,1500824,64444167,1873449,chr20,utg000015l,unique,1734601
25404723,25428973,1521435,1544850,64444167,1873449,chr20,utg000015l,unique,1734601
25437792,25458501,1553322,1573263,64444167,1873449,chr20,utg000015l,unique,1734601
25461542,25482109,1576168,1595906,64444167,1873449,chr20,utg000015l,unique,1734601
25492412,25513345,1605858,1626093,64444167,1873449,chr20,utg000015l,unique,1734601
25517664,25539981,1630290,1651906,64444167,1873449,chr20,utg000015l,unique,1734601
25545007,25561643,1656723,1672754,64444167,1873449,chr20,utg000015l,unique,1734601
25584449,25601442,1694703,1711123,64444167,1873449,chr20,utg000015l,unique,1734601
25602788,25689060,1712876,1796412,64444167,1873449,chr20,utg000015l,unique,1734601
25717918,25768150,1824455,1873449,64444167,1873449,chr20,utg000015l,unique,1734601
29340388,29349954,88568,97894,64444167,268936,chr20,utg000016l,unique,1734601
29362184,29410474,109678,156985,64444167,268936,chr20,utg000016l,unique,1734601
29413712,29447820,159339,192667,64444167,268936,chr20,utg000016l,unique,1734601
29459130,29497000,206656,243771,64444167,268936,chr20,utg000016l,unique,1734601
29497732,29515264,244421,261637,64444167,268936,chr20,utg000016l,unique,1734601
31254994,31415145,1,156467,64444167,5217347,chr20,utg000017l,unique,1734601
31418292,31427039,159445,167918,64444167,5217347,chr20,utg000017l,unique,1734601
31427689,31449157,168392,189135,64444167,5217347,chr20,utg000017l,unique,1734601
31492642,31507691,230339,244826,64444167,5217347,chr20,utg000017l,unique,1734601
31511870,31532460,248842,268586,64444167,5217347,chr20,utg000017l,unique,1734601
31535270,31558202,271254,293427,64444167,5217347,chr20,utg000017l,unique,1734601
31639832,31654459,370959,384997,64444167,5217347,chr20,utg000017l,unique,1734601
31663683,31689295,393741,418467,64444167,5217347,chr20,utg000017l,unique,1734601
31696243,31774871,425331,501282,64444167,5217347,chr20,utg000017l,unique,1734601
31776087,31791042,502436,516899,64444167,5217347,chr20,utg000017l,unique,1734601
31806487,31827041,531803,551592,64444167,5217347,chr20,utg000017l,unique,1734601
31873375,32005281,595958,723624,64444167,5217347,chr20,utg000017l,unique,1734601
32011129,32049223,729223,766186,64444167,5217347,chr20,utg000017l,unique,1734601
32054723,32116835,771432,831737,64444167,5217347,chr20,utg000017l,unique,1734601
32181600,32264012,893639,973235,64444167,5217347,chr20,utg000017l,unique,1734601
32271082,32296367,979991,1004532,64444167,5217347,chr20,utg000017l,unique,1734601
32325681,32379166,1033696,1085657,64444167,5217347,chr20,utg000017l,unique,1734601
32402095,32437311,1107662,1141750,64444167,5217347,chr20,utg000017l,unique,1734601
32497960,32523879,1199132,1224105,64444167,5217347,chr20,utg000017l,unique,1734601
32538968,32561529,1238301,1259977,64444167,5217347,chr20,utg000017l,unique,1734601
32603484,32624154,1299928,1319708,64444167,5217347,chr20,utg000017l,unique,1734601
32641551,32662326,1336331,1356361,64444167,5217347,chr20,utg000017l,unique,1734601
32670302,32691049,1364005,1383881,64444167,5217347,chr20,utg000017l,unique,1734601
32728083,32739649,1417468,1428575,64444167,5217347,chr20,utg000017l,unique,1734601
32753631,32802012,1441309,1488027,64444167,5217347,chr20,utg000017l,unique,1734601
32819841,32826021,1504279,1510307,64444167,5217347,chr20,utg000017l,unique,1734601
32826705,32862386,1510808,1545146,64444167,5217347,chr20,utg000017l,unique,1734601
32902637,32939187,1583913,1619205,64444167,5217347,chr20,utg000017l,unique,1734601
32939531,32969643,1619320,1648386,64444167,5217347,chr20,utg000017l,unique,1734601
32973029,33000408,1651649,1678227,64444167,5217347,chr20,utg000017l,unique,1734601
33014984,33048483,1692372,1724805,64444167,5217347,chr20,utg000017l,unique,1734601
33067367,33108593,1743016,1783006,64444167,5217347,chr20,utg000017l,unique,1734601
33115682,33147447,1789715,1820658,64444167,5217347,chr20,utg000017l,unique,1734601
33147374,33320721,1821030,1989632,64444167,5217347,chr20,utg000017l,unique,1734601
33326968,33365596,1995696,2032837,64444167,5217347,chr20,utg000017l,unique,1734601
33375660,33451559,2042321,2115288,64444167,5217347,chr20,utg000017l,unique,1734601
33462608,33517408,2125111,2177558,64444167,5217347,chr20,utg000017l,unique,1734601
33522740,33536206,2182636,2195652,64444167,5217347,chr20,utg000017l,unique,1734601
33554596,33626567,2213372,2283338,64444167,5217347,chr20,utg000017l,unique,1734601
33657129,33678150,2312585,2332605,64444167,5217347,chr20,utg000017l,unique,1734601
33708700,33744546,2361158,2395679,64444167,5217347,chr20,utg000017l,unique,1734601
33744725,33783915,2395846,2433581,64444167,5217347,chr20,utg000017l,unique,1734601
33788121,33815672,2437552,2464028,64444167,5217347,chr20,utg000017l,unique,1734601
33825967,33860731,2473996,2507746,64444167,5217347,chr20,utg000017l,unique,1734601
33869044,33912427,2515745,2557614,64444167,5217347,chr20,utg000017l,unique,1734601
33913094,33933818,2558263,2578362,64444167,5217347,chr20,utg000017l,unique,1734601
33936417,33992622,2580897,2635481,64444167,5217347,chr20,utg000017l,unique,1734601
33993938,34016635,2636748,2658692,64444167,5217347,chr20,utg000017l,unique,1734601
34035183,34114147,2676460,2753259,64444167,5217347,chr20,utg000017l,unique,1734601
34114461,34171561,2753505,2808721,64444167,5217347,chr20,utg000017l,unique,1734601
34179262,34217219,2816110,2852980,64444167,5217347,chr20,utg000017l,unique,1734601
34217460,34228132,2853194,2863432,64444167,5217347,chr20,utg000017l,unique,1734601
34231420,34275798,2863423,2906364,64444167,5217347,chr20,utg000017l,unique,1734601
34279154,34294329,2909496,2924034,64444167,5217347,chr20,utg000017l,unique,1734601
34312301,34347653,2941177,2975211,64444167,5217347,chr20,utg000017l,unique,1734601
34347776,34368563,2975329,2995228,64444167,5217347,chr20,utg000017l,unique,1734601
34402285,34432676,3027482,3056860,64444167,5217347,chr20,utg000017l,unique,1734601
34435752,34456175,3059816,3079594,64444167,5217347,chr20,utg000017l,unique,1734601
34463406,34499277,3086585,3121304,64444167,5217347,chr20,utg000017l,unique,1734601
34499752,34528026,3121729,3149188,64444167,5217347,chr20,utg000017l,unique,1734601
34543520,34554359,3163804,3174242,64444167,5217347,chr20,utg000017l,unique,1734601
34603558,34645716,3221572,3262468,64444167,5217347,chr20,utg000017l,unique,1734601
34660089,34665197,3276058,3281010,64444167,5217347,chr20,utg000017l,unique,1734601
34680196,34699034,3295316,3313377,64444167,5217347,chr20,utg000017l,unique,1734601
34718498,34773048,3331958,3384848,64444167,5217347,chr20,utg000017l,unique,1734601
34778212,34817099,3389860,3427554,64444167,5217347,chr20,utg000017l,unique,1734601
34822607,34860034,3432798,3469086,64444167,5217347,chr20,utg000017l,unique,1734601
34860158,34878755,3469180,3487095,64444167,5217347,chr20,utg000017l,unique,1734601
34889414,34925818,3497226,3532499,64444167,5217347,chr20,utg000017l,unique,1734601
34954623,34979502,3560265,3584226,64444167,5217347,chr20,utg000017l,unique,1734601
35034161,35041155,3636006,3642819,64444167,5217347,chr20,utg000017l,unique,1734601
35051341,35097505,3652799,3697534,64444167,5217347,chr20,utg000017l,unique,1734601
35101320,35149144,3701471,3747691,64444167,5217347,chr20,utg000017l,unique,1734601
35154193,35166831,3752819,3764981,64444167,5217347,chr20,utg000017l,unique,1734601
35176972,35226723,3774696,3822917,64444167,5217347,chr20,utg000017l,unique,1734601
35226723,35244931,3823012,3840719,64444167,5217347,chr20,utg000017l,unique,1734601
35314555,35467525,3907443,4055266,64444167,5217347,chr20,utg000017l,unique,1734601
35539232,35556236,4124117,4140499,64444167,5217347,chr20,utg000017l,unique,1734601
35572164,35585363,4155909,4168589,64444167,5217347,chr20,utg000017l,unique,1734601
35595061,35632017,4177881,4213353,64444167,5217347,chr20,utg000017l,unique,1734601
35641961,35665598,4222968,4246013,64444167,5217347,chr20,utg000017l,unique,1734601
35666056,35679587,4246338,4259366,64444167,5217347,chr20,utg000017l,unique,1734601
35683553,35736787,4263187,4314727,64444167,5217347,chr20,utg000017l,unique,1734601
35736913,35761236,4314827,4338240,64444167,5217347,chr20,utg000017l,unique,1734601
35772300,35802493,4348710,4377716,64444167,5217347,chr20,utg000017l,unique,1734601
35809729,35830446,4384626,4404573,64444167,5217347,chr20,utg000017l,unique,1734601
35836222,36001490,4410135,4569972,64444167,5217347,chr20,utg000017l,unique,1734601
36009222,36068507,4577329,4634563,64444167,5217347,chr20,utg000017l,unique,1734601
36078506,36107968,4644136,4672543,64444167,5217347,chr20,utg000017l,unique,1734601
36134479,36155110,4697935,4717682,64444167,5217347,chr20,utg000017l,unique,1734601
36173308,36202063,4735216,4763121,64444167,5217347,chr20,utg000017l,unique,1734601
36205409,36226156,4766335,4786424,64444167,5217347,chr20,utg000017l,unique,1734601
36233051,36305282,4793047,4862909,64444167,5217347,chr20,utg000017l,unique,1734601
36315409,36364873,4874171,4921737,64444167,5217347,chr20,utg000017l,unique,1734601
36396323,36436345,4951550,4990177,64444167,5217347,chr20,utg000017l,unique,1734601
36478963,36525225,5027452,5072052,64444167,5217347,chr20,utg000017l,unique,1734601
36561652,36585724,5106681,5129653,64444167,5217347,chr20,utg000017l,unique,1734601
36590004,36609256,5133691,5152156,64444167,5217347,chr20,utg000017l,unique,1734601
36614458,36629599,5157195,5171565,64444167,5217347,chr20,utg000017l,unique,1734601
36630025,36642172,5171619,5183160,64444167,5217347,chr20,utg000017l,unique,1734601
36652419,36673035,5193355,5213408,64444167,5217347,chr20,utg000017l,unique,1734601
28618086,28640495,99142,121257,64444167,166562,chr20,utg000018l,unique,1734601
9339840,9641504,1,294933,64444167,640756,chr20,utg000020l,unique,1734601
9641504,9995554,295051,640756,64444167,640756,chr20,utg000020l,unique,1734601
3401531,3428960,1695136,1721718,64444167,1850264,chr20,utg000013l,unique,1733824
3342299,3369129,1637845,1663924,64444167,1850264,chr20,utg000013l,unique,1731284
3371356,3394954,1666034,1688858,64444167,1850264,chr20,utg000013l,unique,1728920
2908473,2949484,1221594,1261417,64444167,1850264,chr20,utg000013l,unique,1727890
2077629,2145703,419487,485800,64444167,1850264,chr20,utg000013l,unique,1726216
3139329,3164440,1443588,1467664,64444167,1850264,chr20,utg000013l,unique,1720852
3108950,3129809,1414646,1434449,64444167,1850264,chr20,utg000013l,unique,1715163
1815364,1877239,162829,222790,64444167,1850264,chr20,utg000013l,unique,1714410
3067769,3088447,1375196,1395158,64444167,1850264,chr20,utg000013l,unique,1713251
2949680,2969674,1261609,1280949,64444167,1850264,chr20,utg000013l,unique,1708065
2401826,2441944,734592,773625,64444167,1850264,chr20,utg000013l,unique,1707352
2883722,2904314,1197675,1217570,64444167,1850264,chr20,utg000013l,unique,1706639
2842608,2863239,1158298,1178223,64444167,1850264,chr20,utg000013l,unique,1704941
2660348,2688986,985939,1013571,64444167,1850264,chr20,utg000013l,unique,1703047
2023633,2069842,367000,412043,64444167,1850264,chr20,utg000013l,unique,1702842
2339971,2375503,674872,709426,64444167,1850264,chr20,utg000013l,unique,1700631
1965561,2009723,310482,353418,64444167,1850264,chr20,utg000013l,unique,1699241
2869981,2883302,1184653,1197504,64444167,1850264,chr20,utg000013l,unique,1698649
1930418,1961462,276333,306516,64444167,1850264,chr20,utg000013l,unique,1685129
2381422,2399107,714988,731978,64444167,1850264,chr20,utg000013l,unique,1684119
2225247,2236172,562821,573417,64444167,1850264,chr20,utg000013l,unique,1673351
1777357,1798041,125742,145869,64444167,1850264,chr20,utg000013l,unique,1672299
1798041,1812019,145977,159600,64444167,1850264,chr20,utg000013l,unique,1666042
55859567,55864535,2737283,2732396,64444167,4174709,chr20,utg000005l,repetitive,53127252
11633422,11638674,766883,772045,64444167,1057349,chr20,utg000009l,repetitive,30551389
12801148,12806401,772045,766883,64444167,1057349,chr20,utg000009l,repetitive,30551389
23426754,23432008,766883,772045,64444167,1057349,chr20,utg000009l,repetitive,30551389
30135793,30137667,212273,210429,64444167,265103,chr20,utg000006l,repetitive,29925394
30134291,30136131,212247,210429,64444167,265103,chr20,utg000006l,repetitive,29923884
30134028,30135618,213841,212273,64444167,265103,chr20,utg000006l,repetitive,29921777
30132284,30135820,216895,213420,64444167,265103,chr20,utg000006l,repetitive,29918925
30120110,30123105,213366,210429,64444167,265103,chr20,utg000006l,repetitive,29909739
30120991,30122621,213841,212248,64444167,265103,chr20,utg000006l,repetitive,29908780
30107959,30109065,212247,211158,64444167,265103,chr20,utg000006l,repetitive,29896818
30106592,30108441,212247,210429,64444167,265103,chr20,utg000006l,repetitive,29896194
30104546,30106387,212251,210429,64444167,265103,chr20,utg000006l,repetitive,29894136
30103179,30105033,212251,210429,64444167,265103,chr20,utg000006l,repetitive,29892782
30105950,30109065,216895,213841,64444167,265103,chr20,utg000006l,repetitive,29892170
30104630,30107959,216867,213586,64444167,265103,chr20,utg000006l,repetitive,29891092
30102978,30105906,215125,212248,64444167,265103,chr20,utg000006l,repetitive,29890781
30095713,30098407,213566,210901,64444167,265103,chr20,utg000006l,repetitive,29884841
30095713,30098399,214900,212251,64444167,265103,chr20,utg000006l,repetitive,29883499
62755323,62758236,760078,762950,64444167,1403641,chr20,utg000064l,repetitive,29852809
30022941,30029499,216866,210429,64444167,265103,chr20,utg000006l,repetitive,29812633
29916290,29917304,212274,211273,64444167,265103,chr20,utg000006l,repetitive,29705030
29914346,29917304,216867,213955,64444167,265103,chr20,utg000006l,repetitive,29700437
29912978,29917304,216867,212614,64444167,265103,chr20,utg000006l,repetitive,29700437
29909926,29915596,216005,210435,64444167,265103,chr20,utg000006l,repetitive,29699591
29911782,29916290,216867,212439,64444167,265103,chr20,utg000006l,repetitive,29699423
26443002,26452048,100737,109609,64444167,130305,chr20,utg000044l,repetitive,29536206
26452687,26461495,109613,118269,64444167,130305,chr20,utg000044l,repetitive,29536206
26445055,26457491,97421,109609,64444167,130305,chr20,utg000044l,repetitive,29536206
26460013,26472446,97416,109609,64444167,130305,chr20,utg000044l,repetitive,29536206
26466289,26475088,109614,118269,64444167,130305,chr20,utg000044l,repetitive,29536206
26479201,26487890,109613,118179,64444167,130305,chr20,utg000044l,repetitive,29536206
26472934,26487347,93428,107571,64444167,130305,chr20,utg000044l,repetitive,29536206
26472934,26483610,97423,107906,64444167,130305,chr20,utg000044l,repetitive,29536206
26488370,26490463,107571,109609,64444167,130305,chr20,utg000044l,repetitive,29536206
26490463,26498547,110326,118269,64444167,130305,chr20,utg000044l,repetitive,29536206
26483298,26495904,97247,109609,64444167,130305,chr20,utg000044l,repetitive,29536206
26486191,26498624,97422,109609,64444167,130305,chr20,utg000044l,repetitive,29536206
26499263,26508063,109613,118269,64444167,130305,chr20,utg000044l,repetitive,29536206
26497067,26509500,97418,109609,64444167,130305,chr20,utg000044l,repetitive,29536206
26531386,26542165,93418,103988,64444167,130305,chr20,utg000044l,repetitive,29536206
26537663,26546346,109613,118179,64444167,130305,chr20,utg000044l,repetitive,29536206
26531386,26543820,97413,109609,64444167,130305,chr20,utg000044l,repetitive,29536206
26602030,26606468,118269,113911,64444167,130305,chr20,utg000044l,repetitive,29536206
26599988,26608045,117625,109680,64444167,130305,chr20,utg000044l,repetitive,29536206
26639658,26642454,1,2744,64444167,3670,chr20,utg000045c,repetitive,29536206
26647777,26650574,1,2744,64444167,3670,chr20,utg000045c,repetitive,29536206
26650497,26653294,1,2744,64444167,3670,chr20,utg000045c,repetitive,29536206
26658657,26661453,1,2744,64444167,3670,chr20,utg000045c,repetitive,29536206
26668518,26671314,1,2744,64444167,3670,chr20,utg000045c,repetitive,29536206
26681946,26684742,1,2744,64444167,3670,chr20,utg000045c,repetitive,29536206
26716444,26719241,1,2744,64444167,3670,chr20,utg000045c,repetitive,29536206
26734102,26735381,1485,2744,64444167,3670,chr20,utg000045c,repetitive,29536206
26752301,26755099,1,2744,64444167,3670,chr20,utg000045c,repetitive,29536206
26772012,26774808,1,2744,64444167,3670,chr20,utg000045c,repetitive,29536206
26817561,26820357,1,2744,64444167,3670,chr20,utg000045c,repetitive,29536206
26830820,26833616,1,2744,64444167,3670,chr20,utg000045c,repetitive,29536206
26832517,26835317,1,2744,64444167,3670,chr20,utg000045c,repetitive,29536206
26842040,26844837,1,2744,64444167,3670,chr20,utg000045c,repetitive,29536206
26847819,26850615,1,2744,64444167,3670,chr20,utg000045c,repetitive,29536206
26889972,26892769,1,2744,64444167,3670,chr20,utg000045c,repetitive,29536206
26909688,26912485,1,2744,64444167,3670,chr20,utg000045c,repetitive,29536206
26912408,26915202,1,2744,64444167,3670,chr20,utg000045c,repetitive,29536206
26927706,26930503,1,2744,64444167,3670,chr20,utg000045c,repetitive,29536206
26952183,26954979,1,2744,64444167,3670,chr20,utg000045c,repetitive,29536206
26963728,26964326,2149,2744,64444167,3670,chr20,utg000045c,repetitive,29536206
26984811,26987608,1,2744,64444167,3670,chr20,utg000045c,repetitive,29536206
27003163,27004442,1485,2744,64444167,3670,chr20,utg000045c,repetitive,29536206
27056891,27059687,1,2744,64444167,3670,chr20,utg000045c,repetitive,29536206
27102965,27105761,1,2744,64444167,3670,chr20,utg000045c,repetitive,29536206
27111122,27113918,1,2744,64444167,3670,chr20,utg000045c,repetitive,29536206
27112819,27115617,1,2744,64444167,3670,chr20,utg000045c,repetitive,29536206
27136783,27139579,1,2744,64444167,3670,chr20,utg000045c,repetitive,29536206
27151739,27154535,1,2744,64444167,3670,chr20,utg000045c,repetitive,29536206
27187935,27190735,1,2744,64444167,3670,chr20,utg000045c,repetitive,29536206
27198816,27201613,1,2744,64444167,3670,chr20,utg000045c,repetitive,29536206
27225672,27228468,1,2744,64444167,3670,chr20,utg000045c,repetitive,29536206
27233834,27236631,1,2744,64444167,3670,chr20,utg000045c,repetitive,29536206
27239273,27242069,1,2744,64444167,3670,chr20,utg000045c,repetitive,29536206
27266979,27269776,1,2744,64444167,3670,chr20,utg000045c,repetitive,29536206
27313172,27315967,1,2744,64444167,3670,chr20,utg000045c,repetitive,29536206
27337817,27340612,1,2744,64444167,3670,chr20,utg000045c,repetitive,29536206
27351923,27354721,1,2744,64444167,3670,chr20,utg000045c,repetitive,29536206
27378440,27381236,1,2744,64444167,3670,chr20,utg000045c,repetitive,29536206
27386594,27389391,1,2744,64444167,3670,chr20,utg000045c,repetitive,29536206
27442678,27445474,1,2744,64444167,3670,chr20,utg000045c,repetitive,29536206
27472595,27475392,1,2744,64444167,3670,chr20,utg000045c,repetitive,29536206
27481095,27483890,1,2744,64444167,3670,chr20,utg000045c,repetitive,29536206
27525953,27528748,1,2744,64444167,3670,chr20,utg000045c,repetitive,29536206
27528671,27531467,1,2744,64444167,3670,chr20,utg000045c,repetitive,29536206
27538518,27539797,1485,2744,64444167,3670,chr20,utg000045c,repetitive,29536206
27538698,27541498,1,2744,64444167,3670,chr20,utg000045c,repetitive,29536206
27556548,27559346,1,2744,64444167,3670,chr20,utg000045c,repetitive,29536206
27573545,27576342,1,2744,64444167,3670,chr20,utg000045c,repetitive,29536206
27593933,27596731,1,2744,64444167,3670,chr20,utg000045c,repetitive,29536206
27667521,27670321,1,2744,64444167,3670,chr20,utg000045c,repetitive,29536206
27678400,27681198,1,2744,64444167,3670,chr20,utg000045c,repetitive,29536206
27710867,27713662,1,2744,64444167,3670,chr20,utg000045c,repetitive,29536206
27720549,27723348,1,2744,64444167,3670,chr20,utg000045c,repetitive,29536206
27726994,27728615,1155,2744,64444167,3670,chr20,utg000045c,repetitive,29536206
27740435,27743231,1,2744,64444167,3670,chr20,utg000045c,repetitive,29536206
27799234,27802030,1,2744,64444167,3670,chr20,utg000045c,repetitive,29536206
27827092,27828371,1485,2744,64444167,3670,chr20,utg000045c,repetitive,29536206
27828294,27831090,1,2744,64444167,3670,chr20,utg000045c,repetitive,29536206
27849540,27852340,1,2744,64444167,3670,chr20,utg000045c,repetitive,29536206
27886825,27888102,1485,2744,64444167,3670,chr20,utg000045c,repetitive,29536206
27890743,27893537,1,2744,64444167,3670,chr20,utg000045c,repetitive,29536206
27894986,27897785,1,2744,64444167,3670,chr20,utg000045c,repetitive,29536206
27900427,27903223,1,2744,64444167,3670,chr20,utg000045c,repetitive,29536206
27931185,27932462,1485,2744,64444167,3670,chr20,utg000045c,repetitive,29536206
27953117,27955915,1,2744,64444167,3670,chr20,utg000045c,repetitive,29536206
27954816,27957617,1,2744,64444167,3670,chr20,utg000045c,repetitive,29536206
27972658,27975454,1,2744,64444167,3670,chr20,utg000045c,repetitive,29536206
28031456,28034257,1,2744,64444167,3670,chr20,utg000045c,repetitive,29536206
28044373,28047169,1,2744,64444167,3670,chr20,utg000045c,repetitive,29536206
28049639,28052437,1,2744,64444167,3670,chr20,utg000045c,repetitive,29536206
28057797,28060598,1,2744,64444167,3670,chr20,utg000045c,repetitive,29536206
28061867,28063146,1485,2744,64444167,3670,chr20,utg000045c,repetitive,29536206
28070881,28073679,1,2744,64444167,3670,chr20,utg000045c,repetitive,29536206
28126113,28127393,1485,2744,64444167,3670,chr20,utg000045c,repetitive,29536206
28132588,28135384,1,2744,64444167,3670,chr20,utg000045c,repetitive,29536206
28181644,28182922,1485,2744,64444167,3670,chr20,utg000045c,repetitive,29536206
28188439,28189718,1485,2744,64444167,3670,chr20,utg000045c,repetitive,29536206
28202374,28203653,1485,2744,64444167,3670,chr20,utg000045c,repetitive,29536206
28220729,28222008,1485,2744,64444167,3670,chr20,utg000045c,repetitive,29536206
28247422,28248701,1485,2744,64444167,3670,chr20,utg000045c,repetitive,29536206
28315164,28316443,1485,2744,64444167,3670,chr20,utg000045c,repetitive,29536206
28319705,28320984,1485,2744,64444167,3670,chr20,utg000045c,repetitive,29536206
28324982,28327784,1,2744,64444167,3670,chr20,utg000045c,repetitive,29536206
28331602,28332881,1485,2744,64444167,3670,chr20,utg000045c,repetitive,29536206
28340602,28341881,1485,2744,64444167,3670,chr20,utg000045c,repetitive,29536206
28343149,28344428,1485,2744,64444167,3670,chr20,utg000045c,repetitive,29536206
28407721,28408998,1485,2744,64444167,3670,chr20,utg000045c,repetitive,29536206
28420981,28422262,1485,2744,64444167,3670,chr20,utg000045c,repetitive,29536206
28433729,28435008,1485,2744,64444167,3670,chr20,utg000045c,repetitive,29536206
28446789,28448068,1485,2744,64444167,3670,chr20,utg000045c,repetitive,29536206
28472271,28473550,1485,2744,64444167,3670,chr20,utg000045c,repetitive,29536206
28474820,28476099,1485,2744,64444167,3670,chr20,utg000045c,repetitive,29536206
28990593,29014546,89202,112512,64444167,203035,chr20,utg000036l,repetitive,28925344
28975617,29000324,89202,113239,64444167,203035,chr20,utg000036l,repetitive,28911122
25761317,25781865,4167,24332,64444167,50799,chr20,utg000039l,repetitive,28901234
25783461,25804070,26073,46159,64444167,50799,chr20,utg000039l,repetitive,28901234
26051835,26076644,46160,21927,64444167,50799,chr20,utg000039l,repetitive,28901234
26081010,26095174,18066,4200,64444167,50799,chr20,utg000039l,repetitive,28901234
28963882,28985348,92267,113239,64444167,203035,chr20,utg000036l,repetitive,28893081
28960060,28971269,98687,109674,64444167,203035,chr20,utg000036l,repetitive,28872582
28705224,28717082,91173,102770,64444167,203035,chr20,utg000036l,repetitive,28625909
28719162,28721978,96939,99689,64444167,203035,chr20,utg000036l,repetitive,28625039
28721367,28727188,102773,108472,64444167,203035,chr20,utg000036l,repetitive,28624415
28719162,28721978,98771,101537,64444167,203035,chr20,utg000036l,repetitive,28623207
28707722,28718475,102773,113234,64444167,203035,chr20,utg000036l,repetitive,28615702
28702592,28709590,95905,102770,64444167,203035,chr20,utg000036l,repetitive,28613685
28697859,28703802,96939,102773,64444167,203035,chr20,utg000036l,repetitive,28606863
28698799,28708158,101537,110686,64444167,203035,chr20,utg000036l,repetitive,28606621
28688956,28695634,98934,105506,64444167,203035,chr20,utg000036l,repetitive,28596700
28688956,28693470,97103,101537,64444167,203035,chr20,utg000036l,repetitive,28596367
28681200,28688521,95269,102454,64444167,203035,chr20,utg000036l,repetitive,28593252
28681200,28688521,98934,106137,64444167,203035,chr20,utg000036l,repetitive,28589587
28663566,28677379,89341,102773,64444167,203035,chr20,utg000036l,repetitive,28588038
28663637,28680797,92974,109779,64444167,203035,chr20,utg000036l,repetitive,28587823
28654751,28673108,95268,113195,64444167,203035,chr20,utg000036l,repetitive,28577840
28654751,28667534,100774,113239,64444167,203035,chr20,utg000036l,repetitive,28566760
25890483,25907710,16833,1,64444167,41232,chr20,utg000042l,repetitive,26057306
30178993,30195270,23470,7447,64444167,41232,chr20,utg000042l,repetitive,26057306
25795854,25845151,99475,51451,64444167,102619,chr20,utg000040l,repetitive,25745676
23427715,23432132,643025,638681,64444167,5342995,chr20,utg000001l,repetitive,22789107
23426111,23432127,2737283,2731365,64444167,4174709,chr20,utg000005l,repetitive,20694844
1571669,1582242,14773,25159,64444167,31214,chr20,utg000029l,repetitive,17891709
18949968,18954391,5013219,5008865,64444167,5342995,chr20,utg000001l,repetitive,13941172
11634382,11638816,643025,638663,64444167,5342995,chr20,utg000001l,repetitive,10995791
11632780,11638793,2737282,2731365,64444167,4174709,chr20,utg000005l,repetitive,8901511
12801017,12807038,5013220,5007317,64444167,5342995,chr20,utg000001l,repetitive,7793818
11632785,11638805,5007317,5013220,64444167,5342995,chr20,utg000001l,repetitive,6631488
25713657,25718914,1455155,1450010,64444167,1873449,chr20,utg000015l,repetitive,1734601
26635729,26642531,166549,159855,64444167,166562,chr20,utg000018l,repetitive,1734601
26646738,26655191,163685,155380,64444167,166562,chr20,utg000018l,repetitive,1734601
26657448,26663567,166549,160531,64444167,166562,chr20,utg000018l,repetitive,1734601
26654728,26666072,166549,155380,64444167,166562,chr20,utg000018l,repetitive,1734601
26664590,26675929,166548,155380,64444167,166562,chr20,utg000018l,repetitive,1734601
26680744,26684137,166542,163191,64444167,166562,chr20,utg000018l,repetitive,1734601
26684137,26689356,160531,155380,64444167,166562,chr20,utg000018l,repetitive,1734601
26712521,26721138,163852,155380,64444167,166562,chr20,utg000018l,repetitive,1734601
26715235,26718636,166549,163191,64444167,166562,chr20,utg000018l,repetitive,1734601
26717955,26729297,166549,155380,64444167,166562,chr20,utg000018l,repetitive,1734601
26734102,26739125,161194,156251,64444167,166562,chr20,utg000018l,repetitive,1734601
26734102,26737593,163852,160433,64444167,166562,chr20,utg000018l,repetitive,1734601
26734102,26739114,166542,161619,64444167,166562,chr20,utg000018l,repetitive,1734601
26737157,26743277,166548,160531,64444167,166562,chr20,utg000018l,repetitive,1734601
26739457,26745780,161619,155380,64444167,166562,chr20,utg000018l,repetitive,1734601
26748374,26755191,166548,159841,64444167,166562,chr20,utg000018l,repetitive,1734601
26757213,26768544,166548,155380,64444167,166562,chr20,utg000018l,repetitive,1734601
26768081,26774885,166549,159855,64444167,166562,chr20,utg000018l,repetitive,1734601
26777947,26789280,166548,155380,64444167,166562,chr20,utg000018l,repetitive,1734601
26805132,26811249,166549,160531,64444167,166562,chr20,utg000018l,repetitive,1734601
26813631,26820434,166548,159855,64444167,166562,chr20,utg000018l,repetitive,1734601
26826893,26833693,166549,159855,64444167,166562,chr20,utg000018l,repetitive,1734601
26830060,26835394,165091,159855,64444167,166562,chr20,utg000018l,repetitive,1734601
26838116,26844914,166548,159855,64444167,166562,chr20,utg000018l,repetitive,1734601
26843893,26855186,166548,155434,64444167,166562,chr20,utg000018l,repetitive,1734601
26855112,26861229,166549,160531,64444167,166562,chr20,utg000018l,repetitive,1734601
26882985,26889104,166549,160531,64444167,166562,chr20,utg000018l,repetitive,1734601
26886047,26897385,166548,155380,64444167,166562,chr20,utg000018l,repetitive,1734601
26900318,26906438,166549,160531,64444167,166562,chr20,utg000018l,repetitive,1734601
26905757,26917098,166549,155380,64444167,166562,chr20,utg000018l,repetitive,1734601
26923773,26930580,166549,159855,64444167,166562,chr20,utg000018l,repetitive,1734601
26940095,26946213,166549,160531,64444167,166562,chr20,utg000018l,repetitive,1734601
26948255,26955211,166549,159701,64444167,166562,chr20,utg000018l,repetitive,1734601
26963728,26964403,160525,159855,64444167,166562,chr20,utg000018l,repetitive,1734601
26980889,26987685,166542,159855,64444167,166562,chr20,utg000018l,repetitive,1734601
26989044,27000339,166549,155434,64444167,166562,chr20,utg000018l,repetitive,1734601
27000608,27003524,166548,163664,64444167,166562,chr20,utg000018l,repetitive,1734601
27003527,27004519,160836,159855,64444167,166562,chr20,utg000018l,repetitive,1734601
27004520,27015830,166548,155421,64444167,166562,chr20,utg000018l,repetitive,1734601
27035795,27047142,166548,155381,64444167,166562,chr20,utg000018l,repetitive,1734601
27052961,27059764,166549,159855,64444167,166562,chr20,utg000018l,repetitive,1734601
27086455,27091467,166542,161619,64444167,166562,chr20,utg000018l,repetitive,1734601
27099037,27105838,166549,159855,64444167,166562,chr20,utg000018l,repetitive,1734601
27104475,27111408,166549,159724,64444167,166562,chr20,utg000018l,repetitive,1734601
27107195,27118533,166549,155381,64444167,166562,chr20,utg000018l,repetitive,1734601
27127759,27135325,162853,155421,64444167,166562,chr20,utg000018l,repetitive,1734601
27132859,27139656,166548,159855,64444167,166562,chr20,utg000018l,repetitive,1734601
27147815,27154950,166548,159520,64444167,166562,chr20,utg000018l,repetitive,1734601
27153249,27156972,166549,162876,64444167,166562,chr20,utg000018l,repetitive,1734601
27156975,27157669,160208,159520,64444167,166562,chr20,utg000018l,repetitive,1734601
27179759,27185157,166549,161249,64444167,166562,chr20,utg000018l,repetitive,1734601
27187713,27189446,161235,159523,64444167,166562,chr20,utg000018l,repetitive,1734601
27185033,27190812,165534,159855,64444167,166562,chr20,utg000018l,repetitive,1734601
27189449,27196588,166549,159520,64444167,166562,chr20,utg000018l,repetitive,1734601
27194888,27202028,166549,159520,64444167,166562,chr20,utg000018l,repetitive,1734601
27205765,27217106,166549,155381,64444167,166562,chr20,utg000018l,repetitive,1734601
27215052,27224926,165091,155380,64444167,166562,chr20,utg000018l,repetitive,1734601
27221743,27233088,166549,155380,64444167,166562,chr20,utg000018l,repetitive,1734601
27229902,27236724,166549,159840,64444167,166562,chr20,utg000018l,repetitive,1734601
27235345,27242162,166549,159840,64444167,166562,chr20,utg000018l,repetitive,1734601
27257957,27264073,166549,160531,64444167,166562,chr20,utg000018l,repetitive,1734601
27263393,27269171,166549,160862,64444167,166562,chr20,utg000018l,repetitive,1734601
27269171,27269869,160531,159840,64444167,166562,chr20,utg000018l,repetitive,1734601
27278857,27285781,162198,155380,64444167,166562,chr20,utg000018l,repetitive,1734601
27282595,27288720,166549,160531,64444167,166562,chr20,utg000018l,repetitive,1734601
27309244,27316044,166548,159855,64444167,166562,chr20,utg000018l,repetitive,1734601
27328625,27336976,166548,158316,64444167,166562,chr20,utg000018l,repetitive,1734601
27336615,27340689,163852,159855,64444167,166562,chr20,utg000018l,repetitive,1734601
27342045,27348164,166549,160531,64444167,166562,chr20,utg000018l,repetitive,1734601
27349186,27352104,166548,163664,64444167,166562,chr20,utg000018l,repetitive,1734601
27352114,27359291,162486,155434,64444167,166562,chr20,utg000018l,repetitive,1734601
27369074,27375191,166549,160531,64444167,166562,chr20,utg000018l,repetitive,1734601
27377230,27380631,166549,163191,64444167,166562,chr20,utg000018l,repetitive,1734601
27380631,27381328,160531,159841,64444167,166562,chr20,utg000018l,repetitive,1734601
27382667,27394008,166549,155380,64444167,166562,chr20,utg000018l,repetitive,1734601
27441476,27445551,163852,159855,64444167,166562,chr20,utg000018l,repetitive,1734601
27463908,27470024,166549,160534,64444167,166562,chr20,utg000018l,repetitive,1734601
27468671,27475469,166548,159855,64444167,166562,chr20,utg000018l,repetitive,1734601
27474448,27485785,166548,155380,64444167,166562,chr20,utg000018l,repetitive,1734601
27485322,27491439,166549,160531,64444167,166562,chr20,utg000018l,repetitive,1734601
27522021,27528825,166548,159855,64444167,166562,chr20,utg000018l,repetitive,1734601
27524743,27536036,166549,155434,64444167,166562,chr20,utg000018l,repetitive,1734601
27530524,27537326,166548,159855,64444167,166562,chr20,utg000018l,repetitive,1734601
27538518,27539874,161194,159855,64444167,166562,chr20,utg000018l,repetitive,1734601
27538518,27543128,162853,158316,64444167,166562,chr20,utg000018l,repetitive,1734601
27542767,27548665,161194,155381,64444167,166562,chr20,utg000018l,repetitive,1734601
27572336,27577734,166549,161249,64444167,166562,chr20,utg000018l,repetitive,1734601
27569621,27577972,166548,158316,64444167,166562,chr20,utg000018l,repetitive,1734601
27577734,27581721,161072,157128,64444167,166562,chr20,utg000018l,repetitive,1734601
27577611,27581721,166542,162481,64444167,166562,chr20,utg000018l,repetitive,1734601
27585156,27587799,162290,159689,64444167,166562,chr20,utg000018l,repetitive,1734601
27590006,27601350,166549,155380,64444167,166562,chr20,utg000018l,repetitive,1734601
27604119,27607510,166542,163191,64444167,166562,chr20,utg000018l,repetitive,1734601
27607510,27608361,160531,159687,64444167,166562,chr20,utg000018l,repetitive,1734601
27631821,27634729,161194,158316,64444167,166562,chr20,utg000018l,repetitive,1734601
27631821,27634491,163852,161249,64444167,166562,chr20,utg000018l,repetitive,1734601
27640139,27645157,166549,161619,64444167,166562,chr20,utg000018l,repetitive,1734601
27667921,27670398,162293,159855,64444167,166562,chr20,utg000018l,repetitive,1734601
27674471,27681275,166549,159855,64444167,166562,chr20,utg000018l,repetitive,1734601
27689096,27694725,161194,155646,64444167,166562,chr20,utg000018l,repetitive,1734601
27689096,27694487,166542,161249,64444167,166562,chr20,utg000018l,repetitive,1734601
27697042,27702978,161235,155380,64444167,166562,chr20,utg000018l,repetitive,1734601
27697077,27703195,166549,160531,64444167,166562,chr20,utg000018l,repetitive,1734601
27709662,27713057,166548,163191,64444167,166562,chr20,utg000018l,repetitive,1734601
27713057,27715292,160531,158316,64444167,166562,chr20,utg000018l,repetitive,1734601
27714931,27721042,166542,160531,64444167,166562,chr20,utg000018l,repetitive,1734601
27722743,27723425,160531,159855,64444167,166562,chr20,utg000018l,repetitive,1734601
27726994,27733231,161534,155380,64444167,166562,chr20,utg000018l,repetitive,1734601
27726994,27730729,164185,160531,64444167,166562,chr20,utg000018l,repetitive,1734601
27736511,27743327,166548,159837,64444167,166562,chr20,utg000018l,repetitive,1734601
27750102,27754338,166549,162364,64444167,166562,chr20,utg000018l,repetitive,1734601
27759447,27763652,166549,162394,64444167,166562,chr20,utg000018l,repetitive,1734601
27768628,27777241,163852,155381,64444167,166562,chr20,utg000018l,repetitive,1734601
27773040,27779157,166549,160531,64444167,166562,chr20,utg000018l,repetitive,1734601
27788681,27794801,166549,160531,64444167,166562,chr20,utg000018l,repetitive,1734601
27799636,27802107,162290,159855,64444167,166562,chr20,utg000018l,repetitive,1734601
27806018,27812128,166542,160531,64444167,166562,chr20,utg000018l,repetitive,1734601
27827092,27828448,161194,159855,64444167,166562,chr20,utg000018l,repetitive,1734601
27827092,27830486,166542,163191,64444167,166562,chr20,utg000018l,repetitive,1734601
27830486,27831167,160531,159855,64444167,166562,chr20,utg000018l,repetitive,1734601
27838646,27849721,166548,155646,64444167,166562,chr20,utg000018l,repetitive,1734601
27849359,27856957,162853,155380,64444167,166562,chr20,utg000018l,repetitive,1734601
27886825,27888179,161194,159855,64444167,166562,chr20,utg000018l,repetitive,1734601
27886825,27893614,166542,159855,64444167,166562,chr20,utg000018l,repetitive,1734601
27894806,27902400,162853,155380,64444167,166562,chr20,utg000018l,repetitive,1734601
27894806,27899898,165534,160531,64444167,166562,chr20,utg000018l,repetitive,1734601
27902618,27907806,160531,155421,64444167,166562,chr20,utg000018l,repetitive,1734601
27909252,27914685,165872,160531,64444167,166562,chr20,utg000018l,repetitive,1734601
27931185,27932539,161194,159855,64444167,166562,chr20,utg000018l,repetitive,1734601
27931185,27934407,162853,159689,64444167,166562,chr20,utg000018l,repetitive,1734601
27949194,27955992,166548,159855,64444167,166562,chr20,utg000018l,repetitive,1734601
27950897,27961964,166549,155646,64444167,166562,chr20,utg000018l,repetitive,1734601
27968731,27980033,166549,155421,64444167,166562,chr20,utg000018l,repetitive,1734601
27980624,27987594,166548,159689,64444167,166562,chr20,utg000018l,repetitive,1734601
28011396,28020010,163852,155381,64444167,166562,chr20,utg000018l,repetitive,1734601
28024819,28026342,161194,159689,64444167,166562,chr20,utg000018l,repetitive,1734601
28027531,28038873,166549,155380,64444167,166562,chr20,utg000018l,repetitive,1734601
28038410,28041324,166549,163664,64444167,166562,chr20,utg000018l,repetitive,1734601
28043559,28048742,163467,158372,64444167,166562,chr20,utg000018l,repetitive,1734601
28048438,28057053,163852,155381,64444167,166562,chr20,utg000018l,repetitive,1734601
28058197,28062228,162293,158316,64444167,166562,chr20,utg000018l,repetitive,1734601
28056594,28061990,166549,161249,64444167,166562,chr20,utg000018l,repetitive,1734601
28087698,28094348,164857,158316,64444167,166562,chr20,utg000018l,repetitive,1734601
28126113,28129029,161194,158313,64444167,166562,chr20,utg000018l,repetitive,1734601
28128665,28139999,166542,155381,64444167,166562,chr20,utg000018l,repetitive,1734601
28154838,28165913,166548,155646,64444167,166562,chr20,utg000018l,repetitive,1734601
28176264,28179173,161194,158316,64444167,166562,chr20,utg000018l,repetitive,1734601
28188439,28189795,161194,159855,64444167,166562,chr20,utg000018l,repetitive,1734601
28193876,28199920,166548,160600,64444167,166562,chr20,utg000018l,repetitive,1734601
28202374,28205284,161194,158316,64444167,166562,chr20,utg000018l,repetitive,1734601
28202374,28205046,163852,161249,64444167,166562,chr20,utg000018l,repetitive,1734601
28210356,28213273,166548,163664,64444167,166562,chr20,utg000018l,repetitive,1734601
28220729,28222085,161194,159855,64444167,166562,chr20,utg000018l,repetitive,1734601
28247422,28253317,161194,155381,64444167,166562,chr20,utg000018l,repetitive,1734601
28248096,28253494,166548,161249,64444167,166562,chr20,utg000018l,repetitive,1734601
28276577,28282890,162853,156644,64444167,166562,chr20,utg000018l,repetitive,1734601
28287122,28288478,161194,159855,64444167,166562,chr20,utg000018l,repetitive,1734601
28302966,28310934,166156,158316,64444167,166562,chr20,utg000018l,repetitive,1734601
28315164,28316520,161194,159855,64444167,166562,chr20,utg000018l,repetitive,1734601
28319705,28321061,161194,159855,64444167,166562,chr20,utg000018l,repetitive,1734601
28324802,28327861,162853,159855,64444167,166562,chr20,utg000018l,repetitive,1734601
28331602,28332958,161194,159855,64444167,166562,chr20,utg000018l,repetitive,1734601
28340602,28343510,161194,158316,64444167,166562,chr20,utg000018l,repetitive,1734601
28343149,28346058,161194,158316,64444167,166562,chr20,utg000018l,repetitive,1734601
28343149,28345820,163852,161249,64444167,166562,chr20,utg000018l,repetitive,1734601
28354197,28357422,162853,159689,64444167,166562,chr20,utg000018l,repetitive,1734601
28365246,28368153,161194,158316,64444167,166562,chr20,utg000018l,repetitive,1734601
28367791,28372402,161194,156644,64444167,166562,chr20,utg000018l,repetitive,1734601
28374589,28376113,161194,159689,64444167,166562,chr20,utg000018l,repetitive,1734601
28399904,28404515,162853,158316,64444167,166562,chr20,utg000018l,repetitive,1734601
28407721,28410628,161194,158316,64444167,166562,chr20,utg000018l,repetitive,1734601
28407721,28410390,163852,161249,64444167,166562,chr20,utg000018l,repetitive,1734601
28420981,28423892,161194,158316,64444167,166562,chr20,utg000018l,repetitive,1734601
28420981,28423654,163852,161249,64444167,166562,chr20,utg000018l,repetitive,1734601
28433729,28435085,161194,159855,64444167,166562,chr20,utg000018l,repetitive,1734601
28446789,28449698,161194,158316,64444167,166562,chr20,utg000018l,repetitive,1734601
28446789,28449460,163852,161249,64444167,166562,chr20,utg000018l,repetitive,1734601
28462079,28463602,163852,162355,64444167,166562,chr20,utg000018l,repetitive,1734601
28462079,28464832,161194,158473,64444167,166562,chr20,utg000018l,repetitive,1734601
28472271,28473627,161194,159855,64444167,166562,chr20,utg000018l,repetitive,1734601
28474820,28477730,161194,158316,64444167,166562,chr20,utg000018l,repetitive,1734601
28474820,28477492,163852,161249,64444167,166562,chr20,utg000018l,repetitive,1734601
